type,file,line,issue,severity,fix
unhandled-fetch,src/app/contact/page.tsx,35,Fetch call without error handling,Medium,Add try/catch or .catch() handler
unhandled-fetch,src/components/ObservabilityDashboard.tsx,35,Fetch call without error handling,Medium,Add try/catch or .catch() handler
unhandled-fetch,src/components/api/ApiV2Release.tsx,72,Fetch call without error handling,Medium,Add try/catch or .catch() handler
unhandled-fetch,src/components/api/ApiV2Release.tsx,136,Fetch call without error handling,Medium,Add try/catch or .catch() handler
unhandled-fetch,src/components/api/ApiV2Release.tsx,226,Fetch call without error handling,Medium,Add try/catch or .catch() handler
unhandled-fetch,src/components/marketplace/DeveloperPortal.tsx,183,Fetch call without error handling,Medium,Add try/catch or .catch() handler
unhandled-fetch,src/components/marketplace/DeveloperPortal.tsx,280,Fetch call without error handling,Medium,Add try/catch or .catch() handler
unhandled-fetch,src/components/ui/AICoach.tsx,36,Fetch call without error handling,Medium,Add try/catch or .catch() handler
unhandled-fetch,src/components/ui/BackendStatusIndicator.tsx,17,Fetch call without error handling,Medium,Add try/catch or .catch() handler
unhandled-fetch,src/components/ui/CalendarIntegration.tsx,42,Fetch call without error handling,Medium,Add try/catch or .catch() handler
unhandled-fetch,src/components/ui/DailyPlanning.tsx,55,Fetch call without error handling,Medium,Add try/catch or .catch() handler
unhandled-fetch,src/components/ui/EmailSettings.tsx,40,Fetch call without error handling,Medium,Add try/catch or .catch() handler
unhandled-fetch,src/components/ui/EmailSettings.tsx,48,Fetch call without error handling,Medium,Add try/catch or .catch() handler
unhandled-fetch,src/components/ui/EmailSettings.tsx,76,Fetch call without error handling,Medium,Add try/catch or .catch() handler
unhandled-fetch,src/components/ui/EmailSettings.tsx,84,Fetch call without error handling,Medium,Add try/catch or .catch() handler
unhandled-fetch,src/components/ui/EmailSettings.tsx,120,Fetch call without error handling,Medium,Add try/catch or .catch() handler
unhandled-fetch,src/components/ui/EmailSettings.tsx,128,Fetch call without error handling,Medium,Add try/catch or .catch() handler
unhandled-fetch,src/components/ui/MeetingNotes.tsx,43,Fetch call without error handling,Medium,Add try/catch or .catch() handler
unhandled-fetch,src/data/adapters/analytics.adapter.ts,24,Fetch call without error handling,Medium,Add try/catch or .catch() handler
unhandled-promise,src/data/adapters/analytics.adapter.ts,63,Async function call without await,Medium,Add await or handle promise rejection
unhandled-promise,src/data/adapters/analytics.adapter.ts,74,Async function call without await,Medium,Add await or handle promise rejection
unhandled-promise,src/data/adapters/analytics.adapter.ts,88,Async function call without await,Medium,Add await or handle promise rejection
unhandled-promise,src/data/adapters/analytics.adapter.ts,102,Async function call without await,Medium,Add await or handle promise rejection
unhandled-fetch,src/data/adapters/enterprise.adapter.ts,24,Fetch call without error handling,Medium,Add try/catch or .catch() handler
unhandled-promise,src/data/adapters/enterprise.adapter.ts,63,Async function call without await,Medium,Add await or handle promise rejection
unhandled-promise,src/data/adapters/enterprise.adapter.ts,74,Async function call without await,Medium,Add await or handle promise rejection
unhandled-promise,src/data/adapters/enterprise.adapter.ts,88,Async function call without await,Medium,Add await or handle promise rejection
unhandled-promise,src/data/adapters/enterprise.adapter.ts,102,Async function call without await,Medium,Add await or handle promise rejection
unhandled-fetch,src/data/adapters/general.adapter.ts,24,Fetch call without error handling,Medium,Add try/catch or .catch() handler
unhandled-promise,src/data/adapters/general.adapter.ts,62,Async function call without await,Medium,Add await or handle promise rejection
unhandled-promise,src/data/adapters/general.adapter.ts,73,Async function call without await,Medium,Add await or handle promise rejection
unhandled-promise,src/data/adapters/general.adapter.ts,87,Async function call without await,Medium,Add await or handle promise rejection
unhandled-promise,src/data/adapters/general.adapter.ts,101,Async function call without await,Medium,Add await or handle promise rejection
unhandled-fetch,src/data/adapters/leave.adapter.ts,24,Fetch call without error handling,Medium,Add try/catch or .catch() handler
unhandled-promise,src/data/adapters/leave.adapter.ts,64,Async function call without await,Medium,Add await or handle promise rejection
unhandled-promise,src/data/adapters/leave.adapter.ts,75,Async function call without await,Medium,Add await or handle promise rejection
unhandled-promise,src/data/adapters/leave.adapter.ts,89,Async function call without await,Medium,Add await or handle promise rejection
unhandled-promise,src/data/adapters/leave.adapter.ts,103,Async function call without await,Medium,Add await or handle promise rejection
unhandled-fetch,src/data/adapters/weather.adapter.ts,24,Fetch call without error handling,Medium,Add try/catch or .catch() handler
unhandled-promise,src/data/adapters/weather.adapter.ts,64,Async function call without await,Medium,Add await or handle promise rejection
unhandled-promise,src/data/adapters/weather.adapter.ts,75,Async function call without await,Medium,Add await or handle promise rejection
unhandled-promise,src/data/adapters/weather.adapter.ts,89,Async function call without await,Medium,Add await or handle promise rejection
unhandled-promise,src/data/adapters/weather.adapter.ts,103,Async function call without await,Medium,Add await or handle promise rejection
unhandled-fetch,src/hooks/useAuthenticatedFetch.ts,10,Fetch call without error handling,Medium,Add try/catch or .catch() handler
unhandled-fetch,src/hooks/useAuthenticatedFetch.ts,35,Fetch call without error handling,Medium,Add try/catch or .catch() handler
unhandled-fetch,src/hooks/useBriefingManager.ts,72,Fetch call without error handling,Medium,Add try/catch or .catch() handler
unhandled-fetch,src/hooks/useBriefingManager.ts,97,Fetch call without error handling,Medium,Add try/catch or .catch() handler
unhandled-fetch,src/hooks/useBriefingManager.ts,132,Fetch call without error handling,Medium,Add try/catch or .catch() handler
unhandled-fetch,src/hooks/useBriefingManager.ts,196,Fetch call without error handling,Medium,Add try/catch or .catch() handler
unhandled-fetch,src/hooks/useBriefingManager.ts,275,Fetch call without error handling,Medium,Add try/catch or .catch() handler
unhandled-fetch,src/hooks/useBriefingManager.ts,300,Fetch call without error handling,Medium,Add try/catch or .catch() handler
unhandled-fetch,src/hooks/useBriefingManager.ts,324,Fetch call without error handling,Medium,Add try/catch or .catch() handler
unhandled-fetch,src/hooks/useBriefingManager.ts,349,Fetch call without error handling,Medium,Add try/catch or .catch() handler
unhandled-fetch,src/lib/integrations/github.ts,36,Fetch call without error handling,Medium,Add try/catch or .catch() handler
unhandled-fetch,src/lib/integrations/slack.ts,23,Fetch call without error handling,Medium,Add try/catch or .catch() handler
unhandled-promise,src/utils/accessibilityComplianceManager.ts,362,Async function call without await,Medium,Add await or handle promise rejection
unhandled-promise,src/utils/accessibilityComplianceManager.ts,381,Async function call without await,Medium,Add await or handle promise rejection
unhandled-promise,src/utils/accessibilityComplianceManager.ts,407,Async function call without await,Medium,Add await or handle promise rejection
unhandled-promise,src/utils/accessibilityComplianceManager.ts,471,Async function call without await,Medium,Add await or handle promise rejection
unhandled-promise,src/utils/accessibilityComplianceManager.ts,507,Async function call without await,Medium,Add await or handle promise rejection
unhandled-promise,src/utils/accessibilityComplianceManager.ts,534,Async function call without await,Medium,Add await or handle promise rejection
unhandled-promise,src/utils/accessibilityComplianceManager.ts,566,Async function call without await,Medium,Add await or handle promise rejection
unhandled-promise,src/utils/accessibilityComplianceManager.ts,860,Async function call without await,Medium,Add await or handle promise rejection
unhandled-promise,src/utils/advancedAIFeaturesManager.ts,277,Async function call without await,Medium,Add await or handle promise rejection
unhandled-promise,src/utils/advancedAIFeaturesManager.ts,340,Async function call without await,Medium,Add await or handle promise rejection
unhandled-promise,src/utils/advancedAIFeaturesManager.ts,366,Async function call without await,Medium,Add await or handle promise rejection
unhandled-promise,src/utils/advancedAIFeaturesManager.ts,380,Async function call without await,Medium,Add await or handle promise rejection
unhandled-promise,src/utils/advancedAIFeaturesManager.ts,408,Async function call without await,Medium,Add await or handle promise rejection
unhandled-promise,src/utils/advancedAIFeaturesManager.ts,457,Async function call without await,Medium,Add await or handle promise rejection
unhandled-promise,src/utils/advancedAIFeaturesManager.ts,499,Async function call without await,Medium,Add await or handle promise rejection
unhandled-promise,src/utils/advancedAIFeaturesManager.ts,526,Async function call without await,Medium,Add await or handle promise rejection
unhandled-promise,src/utils/advancedAIFeaturesManager.ts,570,Async function call without await,Medium,Add await or handle promise rejection
unhandled-promise,src/utils/advancedAIFeaturesManager.ts,611,Async function call without await,Medium,Add await or handle promise rejection
unhandled-promise,src/utils/advancedAIFeaturesManager.ts,648,Async function call without await,Medium,Add await or handle promise rejection
unhandled-promise,src/utils/advancedAIFeaturesManager.ts,687,Async function call without await,Medium,Add await or handle promise rejection
unhandled-promise,src/utils/advancedAIFeaturesManager.ts,699,Async function call without await,Medium,Add await or handle promise rejection
unhandled-promise,src/utils/advancedAIFeaturesManager.ts,713,Async function call without await,Medium,Add await or handle promise rejection
unhandled-promise,src/utils/advancedAIFeaturesManager.ts,818,Async function call without await,Medium,Add await or handle promise rejection
unhandled-promise,src/utils/advancedAIFeaturesManager.ts,932,Async function call without await,Medium,Add await or handle promise rejection
unhandled-promise,src/utils/advancedAIFeaturesManager.ts,964,Async function call without await,Medium,Add await or handle promise rejection
unhandled-promise,src/utils/advancedAIFeaturesManager.ts,1033,Async function call without await,Medium,Add await or handle promise rejection
unhandled-promise,src/utils/advancedAIMachineLearningManager.ts,260,Async function call without await,Medium,Add await or handle promise rejection
unhandled-promise,src/utils/advancedAIMachineLearningManager.ts,305,Async function call without await,Medium,Add await or handle promise rejection
unhandled-promise,src/utils/advancedAIMachineLearningManager.ts,368,Async function call without await,Medium,Add await or handle promise rejection
unhandled-promise,src/utils/advancedAIMachineLearningManager.ts,384,Async function call without await,Medium,Add await or handle promise rejection
unhandled-promise,src/utils/advancedAIMachineLearningManager.ts,400,Async function call without await,Medium,Add await or handle promise rejection
unhandled-promise,src/utils/advancedAIMachineLearningManager.ts,406,Async function call without await,Medium,Add await or handle promise rejection
unhandled-promise,src/utils/advancedAIMachineLearningManager.ts,468,Async function call without await,Medium,Add await or handle promise rejection
unhandled-promise,src/utils/advancedAIMachineLearningManager.ts,520,Async function call without await,Medium,Add await or handle promise rejection
unhandled-promise,src/utils/advancedAIMachineLearningManager.ts,593,Async function call without await,Medium,Add await or handle promise rejection
unhandled-promise,src/utils/advancedAIMachineLearningManager.ts,609,Async function call without await,Medium,Add await or handle promise rejection
unhandled-promise,src/utils/advancedAIMachineLearningManager.ts,652,Async function call without await,Medium,Add await or handle promise rejection
unhandled-promise,src/utils/advancedAIMachineLearningManager.ts,684,Async function call without await,Medium,Add await or handle promise rejection
unhandled-promise,src/utils/advancedAIMachineLearningManager.ts,721,Async function call without await,Medium,Add await or handle promise rejection
unhandled-promise,src/utils/advancedAIMachineLearningManager.ts,755,Async function call without await,Medium,Add await or handle promise rejection
unhandled-promise,src/utils/advancedAIMachineLearningManager.ts,789,Async function call without await,Medium,Add await or handle promise rejection
unhandled-promise,src/utils/advancedAIMachineLearningManager.ts,795,Async function call without await,Medium,Add await or handle promise rejection
unhandled-promise,src/utils/advancedAIMachineLearningManager.ts,859,Async function call without await,Medium,Add await or handle promise rejection
unhandled-promise,src/utils/advancedAIMachineLearningManager.ts,989,Async function call without await,Medium,Add await or handle promise rejection
unhandled-promise,src/utils/advancedAIMachineLearningManager.ts,1005,Async function call without await,Medium,Add await or handle promise rejection
unhandled-promise,src/utils/advancedAIMachineLearningManager.ts,1024,Async function call without await,Medium,Add await or handle promise rejection
unhandled-promise,src/utils/advancedAIMachineLearningManager.ts,1125,Async function call without await,Medium,Add await or handle promise rejection
unhandled-promise,src/utils/advancedAIMachineLearningManager.ts,1147,Async function call without await,Medium,Add await or handle promise rejection
unhandled-promise,src/utils/advancedAccessibilityFeaturesManager.ts,250,Async function call without await,Medium,Add await or handle promise rejection
unhandled-promise,src/utils/advancedAccessibilityFeaturesManager.ts,324,Async function call without await,Medium,Add await or handle promise rejection
unhandled-promise,src/utils/advancedAccessibilityFeaturesManager.ts,438,Async function call without await,Medium,Add await or handle promise rejection
unhandled-promise,src/utils/advancedAccessibilityFeaturesManager.ts,464,Async function call without await,Medium,Add await or handle promise rejection
unhandled-promise,src/utils/advancedAccessibilityFeaturesManager.ts,476,Async function call without await,Medium,Add await or handle promise rejection
unhandled-promise,src/utils/advancedAccessibilityFeaturesManager.ts,488,Async function call without await,Medium,Add await or handle promise rejection
unhandled-promise,src/utils/advancedAccessibilityFeaturesManager.ts,493,Async function call without await,Medium,Add await or handle promise rejection
unhandled-promise,src/utils/advancedAccessibilityFeaturesManager.ts,498,Async function call without await,Medium,Add await or handle promise rejection
unhandled-promise,src/utils/advancedAccessibilityFeaturesManager.ts,504,Async function call without await,Medium,Add await or handle promise rejection
unhandled-promise,src/utils/advancedAccessibilityFeaturesManager.ts,517,Async function call without await,Medium,Add await or handle promise rejection
unhandled-promise,src/utils/advancedAccessibilityFeaturesManager.ts,522,Async function call without await,Medium,Add await or handle promise rejection
unhandled-promise,src/utils/advancedAccessibilityFeaturesManager.ts,543,Async function call without await,Medium,Add await or handle promise rejection
unhandled-promise,src/utils/advancedAccessibilityFeaturesManager.ts,593,Async function call without await,Medium,Add await or handle promise rejection
unhandled-promise,src/utils/advancedAccessibilityFeaturesManager.ts,614,Async function call without await,Medium,Add await or handle promise rejection
unhandled-promise,src/utils/advancedAccessibilityFeaturesManager.ts,658,Async function call without await,Medium,Add await or handle promise rejection
unhandled-promise,src/utils/advancedAccessibilityFeaturesManager.ts,664,Async function call without await,Medium,Add await or handle promise rejection
unhandled-promise,src/utils/advancedAccessibilityFeaturesManager.ts,678,Async function call without await,Medium,Add await or handle promise rejection
unhandled-promise,src/utils/advancedAccessibilityFeaturesManager.ts,690,Async function call without await,Medium,Add await or handle promise rejection
unhandled-promise,src/utils/advancedAccessibilityFeaturesManager.ts,695,Async function call without await,Medium,Add await or handle promise rejection
unhandled-promise,src/utils/advancedAccessibilityFeaturesManager.ts,701,Async function call without await,Medium,Add await or handle promise rejection
unhandled-promise,src/utils/advancedAccessibilityFeaturesManager.ts,727,Async function call without await,Medium,Add await or handle promise rejection
unhandled-promise,src/utils/advancedAccessibilityFeaturesManager.ts,743,Async function call without await,Medium,Add await or handle promise rejection
unhandled-promise,src/utils/advancedAccessibilityFeaturesManager.ts,749,Async function call without await,Medium,Add await or handle promise rejection
unhandled-promise,src/utils/advancedAccessibilityFeaturesManager.ts,770,Async function call without await,Medium,Add await or handle promise rejection
unhandled-promise,src/utils/advancedAccessibilityFeaturesManager.ts,791,Async function call without await,Medium,Add await or handle promise rejection
unhandled-promise,src/utils/advancedAccessibilityFeaturesManager.ts,797,Async function call without await,Medium,Add await or handle promise rejection
unhandled-promise,src/utils/advancedAccessibilityFeaturesManager.ts,838,Async function call without await,Medium,Add await or handle promise rejection
unhandled-promise,src/utils/advancedAccessibilityFeaturesManager.ts,879,Async function call without await,Medium,Add await or handle promise rejection
unhandled-promise,src/utils/advancedAccessibilityFeaturesManager.ts,905,Async function call without await,Medium,Add await or handle promise rejection
unhandled-promise,src/utils/advancedAnalyticsBIManager.ts,600,Async function call without await,Medium,Add await or handle promise rejection
unhandled-promise,src/utils/advancedAnalyticsBIManager.ts,656,Async function call without await,Medium,Add await or handle promise rejection
unhandled-promise,src/utils/advancedAnalyticsBIManager.ts,657,Async function call without await,Medium,Add await or handle promise rejection
unhandled-promise,src/utils/advancedAnalyticsBIManager.ts,658,Async function call without await,Medium,Add await or handle promise rejection
unhandled-promise,src/utils/advancedAnalyticsBIManager.ts,732,Async function call without await,Medium,Add await or handle promise rejection
unhandled-promise,src/utils/advancedAnalyticsBIManager.ts,780,Async function call without await,Medium,Add await or handle promise rejection
unhandled-promise,src/utils/advancedAnalyticsBIManager.ts,814,Async function call without await,Medium,Add await or handle promise rejection
unhandled-promise,src/utils/advancedAnalyticsBIManager.ts,848,Async function call without await,Medium,Add await or handle promise rejection
unhandled-promise,src/utils/advancedAnalyticsBIManager.ts,881,Async function call without await,Medium,Add await or handle promise rejection
unhandled-promise,src/utils/advancedAnalyticsBIManager.ts,997,Async function call without await,Medium,Add await or handle promise rejection
unhandled-promise,src/utils/advancedAnalyticsDashboardManager.ts,285,Async function call without await,Medium,Add await or handle promise rejection
unhandled-promise,src/utils/advancedAnalyticsDashboardManager.ts,298,Async function call without await,Medium,Add await or handle promise rejection
unhandled-promise,src/utils/advancedAnalyticsDashboardManager.ts,375,Async function call without await,Medium,Add await or handle promise rejection
unhandled-promise,src/utils/advancedAnalyticsDashboardManager.ts,389,Async function call without await,Medium,Add await or handle promise rejection
unhandled-promise,src/utils/advancedAnalyticsDashboardManager.ts,405,Async function call without await,Medium,Add await or handle promise rejection
unhandled-promise,src/utils/advancedAnalyticsDashboardManager.ts,410,Async function call without await,Medium,Add await or handle promise rejection
unhandled-promise,src/utils/advancedAnalyticsDashboardManager.ts,416,Async function call without await,Medium,Add await or handle promise rejection
unhandled-promise,src/utils/advancedAnalyticsDashboardManager.ts,438,Async function call without await,Medium,Add await or handle promise rejection
unhandled-promise,src/utils/advancedAnalyticsDashboardManager.ts,454,Async function call without await,Medium,Add await or handle promise rejection
unhandled-promise,src/utils/advancedAnalyticsDashboardManager.ts,459,Async function call without await,Medium,Add await or handle promise rejection
unhandled-promise,src/utils/advancedAnalyticsDashboardManager.ts,473,Async function call without await,Medium,Add await or handle promise rejection
unhandled-promise,src/utils/advancedAnalyticsDashboardManager.ts,490,Async function call without await,Medium,Add await or handle promise rejection
unhandled-promise,src/utils/advancedAnalyticsDashboardManager.ts,506,Async function call without await,Medium,Add await or handle promise rejection
unhandled-promise,src/utils/advancedAnalyticsDashboardManager.ts,512,Async function call without await,Medium,Add await or handle promise rejection
unhandled-promise,src/utils/advancedAnalyticsDashboardManager.ts,548,Async function call without await,Medium,Add await or handle promise rejection
unhandled-promise,src/utils/advancedAnalyticsDashboardManager.ts,584,Async function call without await,Medium,Add await or handle promise rejection
unhandled-promise,src/utils/advancedAnalyticsDashboardManager.ts,590,Async function call without await,Medium,Add await or handle promise rejection
unhandled-promise,src/utils/advancedAnalyticsDashboardManager.ts,612,Async function call without await,Medium,Add await or handle promise rejection
unhandled-promise,src/utils/advancedAnalyticsDashboardManager.ts,629,Async function call without await,Medium,Add await or handle promise rejection
unhandled-promise,src/utils/advancedAnalyticsDashboardManager.ts,635,Async function call without await,Medium,Add await or handle promise rejection
unhandled-promise,src/utils/advancedAnalyticsDashboardManager.ts,661,Async function call without await,Medium,Add await or handle promise rejection
unhandled-promise,src/utils/advancedAnalyticsDashboardManager.ts,667,Async function call without await,Medium,Add await or handle promise rejection
unhandled-promise,src/utils/advancedAnalyticsDashboardManager.ts,700,Async function call without await,Medium,Add await or handle promise rejection
unhandled-promise,src/utils/advancedAnalyticsDashboardManager.ts,706,Async function call without await,Medium,Add await or handle promise rejection
unhandled-promise,src/utils/advancedAnalyticsDashboardManager.ts,724,Async function call without await,Medium,Add await or handle promise rejection
unhandled-promise,src/utils/advancedAnalyticsDashboardManager.ts,743,Async function call without await,Medium,Add await or handle promise rejection
unhandled-promise,src/utils/advancedAnalyticsDashboardManager.ts,772,Async function call without await,Medium,Add await or handle promise rejection
unhandled-promise,src/utils/advancedAnalyticsDashboardManager.ts,785,Async function call without await,Medium,Add await or handle promise rejection
unhandled-promise,src/utils/advancedAnalyticsDashboardManager.ts,811,Async function call without await,Medium,Add await or handle promise rejection
unhandled-promise,src/utils/advancedAnalyticsManager.ts,281,Async function call without await,Medium,Add await or handle promise rejection
unhandled-promise,src/utils/advancedAnalyticsManager.ts,293,Async function call without await,Medium,Add await or handle promise rejection
unhandled-promise,src/utils/advancedAnalyticsManager.ts,308,Async function call without await,Medium,Add await or handle promise rejection
unhandled-promise,src/utils/advancedAnalyticsManager.ts,323,Async function call without await,Medium,Add await or handle promise rejection
unhandled-promise,src/utils/advancedAnalyticsManager.ts,328,Async function call without await,Medium,Add await or handle promise rejection
unhandled-promise,src/utils/advancedAnalyticsManager.ts,334,Async function call without await,Medium,Add await or handle promise rejection
unhandled-promise,src/utils/advancedAnalyticsManager.ts,348,Async function call without await,Medium,Add await or handle promise rejection
unhandled-promise,src/utils/advancedAnalyticsManager.ts,359,Async function call without await,Medium,Add await or handle promise rejection
unhandled-promise,src/utils/advancedAnalyticsManager.ts,364,Async function call without await,Medium,Add await or handle promise rejection
unhandled-promise,src/utils/advancedAnalyticsManager.ts,370,Async function call without await,Medium,Add await or handle promise rejection
unhandled-promise,src/utils/advancedAnalyticsManager.ts,384,Async function call without await,Medium,Add await or handle promise rejection
unhandled-promise,src/utils/advancedAnalyticsManager.ts,390,Async function call without await,Medium,Add await or handle promise rejection
unhandled-promise,src/utils/advancedAnalyticsManager.ts,404,Async function call without await,Medium,Add await or handle promise rejection
unhandled-promise,src/utils/advancedAnalyticsManager.ts,410,Async function call without await,Medium,Add await or handle promise rejection
unhandled-promise,src/utils/advancedAnalyticsManager.ts,424,Async function call without await,Medium,Add await or handle promise rejection
unhandled-promise,src/utils/advancedAnalyticsManager.ts,430,Async function call without await,Medium,Add await or handle promise rejection
unhandled-promise,src/utils/advancedAnalyticsManager.ts,444,Async function call without await,Medium,Add await or handle promise rejection
unhandled-promise,src/utils/advancedAnalyticsManager.ts,450,Async function call without await,Medium,Add await or handle promise rejection
unhandled-promise,src/utils/advancedAnalyticsManager.ts,463,Async function call without await,Medium,Add await or handle promise rejection
unhandled-promise,src/utils/advancedAnalyticsManager.ts,478,Async function call without await,Medium,Add await or handle promise rejection
unhandled-promise,src/utils/advancedAnalyticsManager.ts,484,Async function call without await,Medium,Add await or handle promise rejection
unhandled-promise,src/utils/advancedAnalyticsManager.ts,527,Async function call without await,Medium,Add await or handle promise rejection
unhandled-promise,src/utils/advancedAnalyticsManager.ts,551,Async function call without await,Medium,Add await or handle promise rejection
unhandled-promise,src/utils/advancedAnalyticsReportingManager.ts,250,Async function call without await,Medium,Add await or handle promise rejection
unhandled-promise,src/utils/advancedAnalyticsReportingManager.ts,284,Async function call without await,Medium,Add await or handle promise rejection
unhandled-promise,src/utils/advancedAnalyticsReportingManager.ts,313,Async function call without await,Medium,Add await or handle promise rejection
unhandled-promise,src/utils/advancedAnalyticsReportingManager.ts,332,Async function call without await,Medium,Add await or handle promise rejection
unhandled-promise,src/utils/advancedAnalyticsReportingManager.ts,342,Async function call without await,Medium,Add await or handle promise rejection
unhandled-promise,src/utils/advancedAnalyticsReportingManager.ts,347,Async function call without await,Medium,Add await or handle promise rejection
unhandled-promise,src/utils/advancedAnalyticsReportingManager.ts,377,Async function call without await,Medium,Add await or handle promise rejection
unhandled-promise,src/utils/advancedAnalyticsReportingManager.ts,428,Async function call without await,Medium,Add await or handle promise rejection
unhandled-promise,src/utils/advancedAnalyticsReportingManager.ts,450,Async function call without await,Medium,Add await or handle promise rejection
unhandled-promise,src/utils/advancedAnalyticsReportingManager.ts,460,Async function call without await,Medium,Add await or handle promise rejection
unhandled-promise,src/utils/advancedAnalyticsReportingManager.ts,465,Async function call without await,Medium,Add await or handle promise rejection
unhandled-promise,src/utils/advancedAnalyticsReportingManager.ts,540,Async function call without await,Medium,Add await or handle promise rejection
unhandled-promise,src/utils/advancedAnalyticsReportingManager.ts,573,Async function call without await,Medium,Add await or handle promise rejection
unhandled-promise,src/utils/advancedAnalyticsReportingManager.ts,631,Async function call without await,Medium,Add await or handle promise rejection
unhandled-promise,src/utils/advancedAnalyticsReportingManager.ts,642,Async function call without await,Medium,Add await or handle promise rejection
unhandled-promise,src/utils/advancedAnalyticsReportingManager.ts,658,Async function call without await,Medium,Add await or handle promise rejection
unhandled-promise,src/utils/advancedAnalyticsReportingManager.ts,669,Async function call without await,Medium,Add await or handle promise rejection
unhandled-promise,src/utils/advancedAnalyticsReportingManager.ts,675,Async function call without await,Medium,Add await or handle promise rejection
unhandled-promise,src/utils/advancedAnalyticsReportingManager.ts,828,Async function call without await,Medium,Add await or handle promise rejection
unhandled-promise,src/utils/advancedAnalyticsReportingManager.ts,883,Async function call without await,Medium,Add await or handle promise rejection
unhandled-promise,src/utils/advancedAnalyticsReportingManager.ts,951,Async function call without await,Medium,Add await or handle promise rejection
unhandled-promise,src/utils/advancedAnalyticsReportingManager.ts,962,Async function call without await,Medium,Add await or handle promise rejection
unhandled-promise,src/utils/advancedAnalyticsReportingManager.ts,982,Async function call without await,Medium,Add await or handle promise rejection
unhandled-promise,src/utils/advancedAnalyticsReportingManager.ts,1078,Async function call without await,Medium,Add await or handle promise rejection
unhandled-promise,src/utils/advancedAnalyticsReportingManager.ts,1098,Async function call without await,Medium,Add await or handle promise rejection
unhandled-promise,src/utils/advancedAuthenticationSecurityManager.ts,337,Async function call without await,Medium,Add await or handle promise rejection
unhandled-promise,src/utils/advancedAuthenticationSecurityManager.ts,378,Async function call without await,Medium,Add await or handle promise rejection
unhandled-promise,src/utils/advancedAuthenticationSecurityManager.ts,541,Async function call without await,Medium,Add await or handle promise rejection
unhandled-promise,src/utils/advancedAuthenticationSecurityManager.ts,563,Async function call without await,Medium,Add await or handle promise rejection
unhandled-promise,src/utils/advancedAuthenticationSecurityManager.ts,575,Async function call without await,Medium,Add await or handle promise rejection
unhandled-promise,src/utils/advancedAuthenticationSecurityManager.ts,580,Async function call without await,Medium,Add await or handle promise rejection
unhandled-promise,src/utils/advancedAuthenticationSecurityManager.ts,585,Async function call without await,Medium,Add await or handle promise rejection
unhandled-promise,src/utils/advancedAuthenticationSecurityManager.ts,601,Async function call without await,Medium,Add await or handle promise rejection
unhandled-promise,src/utils/advancedAuthenticationSecurityManager.ts,622,Async function call without await,Medium,Add await or handle promise rejection
unhandled-promise,src/utils/advancedAuthenticationSecurityManager.ts,639,Async function call without await,Medium,Add await or handle promise rejection
unhandled-promise,src/utils/advancedAuthenticationSecurityManager.ts,644,Async function call without await,Medium,Add await or handle promise rejection
unhandled-promise,src/utils/advancedAuthenticationSecurityManager.ts,650,Async function call without await,Medium,Add await or handle promise rejection
unhandled-promise,src/utils/advancedAuthenticationSecurityManager.ts,680,Async function call without await,Medium,Add await or handle promise rejection
unhandled-promise,src/utils/advancedAuthenticationSecurityManager.ts,695,Async function call without await,Medium,Add await or handle promise rejection
unhandled-promise,src/utils/advancedAuthenticationSecurityManager.ts,700,Async function call without await,Medium,Add await or handle promise rejection
unhandled-promise,src/utils/advancedAuthenticationSecurityManager.ts,705,Async function call without await,Medium,Add await or handle promise rejection
unhandled-promise,src/utils/advancedAuthenticationSecurityManager.ts,711,Async function call without await,Medium,Add await or handle promise rejection
unhandled-promise,src/utils/advancedAuthenticationSecurityManager.ts,727,Async function call without await,Medium,Add await or handle promise rejection
unhandled-promise,src/utils/advancedAuthenticationSecurityManager.ts,768,Async function call without await,Medium,Add await or handle promise rejection
unhandled-promise,src/utils/advancedAuthenticationSecurityManager.ts,788,Async function call without await,Medium,Add await or handle promise rejection
unhandled-promise,src/utils/advancedAuthenticationSecurityManager.ts,793,Async function call without await,Medium,Add await or handle promise rejection
unhandled-promise,src/utils/advancedAuthenticationSecurityManager.ts,799,Async function call without await,Medium,Add await or handle promise rejection
unhandled-promise,src/utils/advancedAuthenticationSecurityManager.ts,832,Async function call without await,Medium,Add await or handle promise rejection
unhandled-promise,src/utils/advancedAuthenticationSecurityManager.ts,843,Async function call without await,Medium,Add await or handle promise rejection
unhandled-promise,src/utils/advancedAuthenticationSecurityManager.ts,849,Async function call without await,Medium,Add await or handle promise rejection
unhandled-promise,src/utils/advancedAuthenticationSecurityManager.ts,862,Async function call without await,Medium,Add await or handle promise rejection
unhandled-promise,src/utils/advancedAuthenticationSecurityManager.ts,867,Async function call without await,Medium,Add await or handle promise rejection
unhandled-promise,src/utils/advancedAuthenticationSecurityManager.ts,910,Async function call without await,Medium,Add await or handle promise rejection
unhandled-promise,src/utils/advancedAuthenticationSecurityManager.ts,926,Async function call without await,Medium,Add await or handle promise rejection
unhandled-promise,src/utils/advancedAuthenticationSecurityManager.ts,960,Async function call without await,Medium,Add await or handle promise rejection
unhandled-promise,src/utils/advancedAuthenticationSecurityManager.ts,965,Async function call without await,Medium,Add await or handle promise rejection
unhandled-promise,src/utils/advancedAuthenticationSecurityManager.ts,971,Async function call without await,Medium,Add await or handle promise rejection
unhandled-promise,src/utils/advancedAuthenticationSecurityManager.ts,1079,Async function call without await,Medium,Add await or handle promise rejection
unhandled-promise,src/utils/advancedAuthenticationSecurityManager.ts,1111,Async function call without await,Medium,Add await or handle promise rejection
unhandled-promise,src/utils/advancedAuthenticationSecurityManager.ts,1135,Async function call without await,Medium,Add await or handle promise rejection
unhandled-promise,src/utils/advancedAutomationManager.ts,298,Async function call without await,Medium,Add await or handle promise rejection
unhandled-promise,src/utils/advancedAutomationManager.ts,311,Async function call without await,Medium,Add await or handle promise rejection
unhandled-promise,src/utils/advancedAutomationManager.ts,428,Async function call without await,Medium,Add await or handle promise rejection
unhandled-promise,src/utils/advancedAutomationManager.ts,452,Async function call without await,Medium,Add await or handle promise rejection
unhandled-promise,src/utils/advancedAutomationManager.ts,469,Async function call without await,Medium,Add await or handle promise rejection
unhandled-promise,src/utils/advancedAutomationManager.ts,474,Async function call without await,Medium,Add await or handle promise rejection
unhandled-promise,src/utils/advancedAutomationManager.ts,479,Async function call without await,Medium,Add await or handle promise rejection
unhandled-promise,src/utils/advancedAutomationManager.ts,494,Async function call without await,Medium,Add await or handle promise rejection
unhandled-promise,src/utils/advancedAutomationManager.ts,509,Async function call without await,Medium,Add await or handle promise rejection
unhandled-promise,src/utils/advancedAutomationManager.ts,514,Async function call without await,Medium,Add await or handle promise rejection
unhandled-promise,src/utils/advancedAutomationManager.ts,519,Async function call without await,Medium,Add await or handle promise rejection
unhandled-promise,src/utils/advancedAutomationManager.ts,587,Async function call without await,Medium,Add await or handle promise rejection
unhandled-promise,src/utils/advancedAutomationManager.ts,608,Async function call without await,Medium,Add await or handle promise rejection
unhandled-promise,src/utils/advancedAutomationManager.ts,619,Async function call without await,Medium,Add await or handle promise rejection
unhandled-promise,src/utils/advancedAutomationManager.ts,625,Async function call without await,Medium,Add await or handle promise rejection
unhandled-promise,src/utils/advancedAutomationManager.ts,677,Async function call without await,Medium,Add await or handle promise rejection
unhandled-promise,src/utils/advancedAutomationManager.ts,734,Async function call without await,Medium,Add await or handle promise rejection
unhandled-promise,src/utils/advancedAutomationManager.ts,739,Async function call without await,Medium,Add await or handle promise rejection
unhandled-promise,src/utils/advancedAutomationManager.ts,745,Async function call without await,Medium,Add await or handle promise rejection
unhandled-promise,src/utils/advancedAutomationManager.ts,758,Async function call without await,Medium,Add await or handle promise rejection
unhandled-promise,src/utils/advancedAutomationManager.ts,764,Async function call without await,Medium,Add await or handle promise rejection
unhandled-promise,src/utils/advancedAutomationManager.ts,815,Async function call without await,Medium,Add await or handle promise rejection
unhandled-promise,src/utils/advancedAutomationManager.ts,890,Async function call without await,Medium,Add await or handle promise rejection
unhandled-promise,src/utils/advancedAutomationManager.ts,912,Async function call without await,Medium,Add await or handle promise rejection
unhandled-promise,src/utils/advancedBusinessIntelligenceManager.ts,513,Async function call without await,Medium,Add await or handle promise rejection
unhandled-promise,src/utils/advancedBusinessIntelligenceManager.ts,582,Async function call without await,Medium,Add await or handle promise rejection
unhandled-promise,src/utils/advancedBusinessIntelligenceManager.ts,606,Async function call without await,Medium,Add await or handle promise rejection
unhandled-promise,src/utils/advancedBusinessIntelligenceManager.ts,626,Async function call without await,Medium,Add await or handle promise rejection
unhandled-promise,src/utils/advancedBusinessIntelligenceManager.ts,636,Async function call without await,Medium,Add await or handle promise rejection
unhandled-promise,src/utils/advancedBusinessIntelligenceManager.ts,642,Async function call without await,Medium,Add await or handle promise rejection
unhandled-promise,src/utils/advancedBusinessIntelligenceManager.ts,659,Async function call without await,Medium,Add await or handle promise rejection
unhandled-promise,src/utils/advancedBusinessIntelligenceManager.ts,750,Async function call without await,Medium,Add await or handle promise rejection
unhandled-promise,src/utils/advancedBusinessIntelligenceManager.ts,775,Async function call without await,Medium,Add await or handle promise rejection
unhandled-promise,src/utils/advancedBusinessIntelligenceManager.ts,805,Async function call without await,Medium,Add await or handle promise rejection
unhandled-promise,src/utils/advancedBusinessIntelligenceManager.ts,822,Async function call without await,Medium,Add await or handle promise rejection
unhandled-promise,src/utils/advancedBusinessIntelligenceManager.ts,833,Async function call without await,Medium,Add await or handle promise rejection
unhandled-promise,src/utils/advancedBusinessIntelligenceManager.ts,858,Async function call without await,Medium,Add await or handle promise rejection
unhandled-promise,src/utils/advancedBusinessIntelligenceManager.ts,933,Async function call without await,Medium,Add await or handle promise rejection
unhandled-promise,src/utils/advancedBusinessIntelligenceManager.ts,958,Async function call without await,Medium,Add await or handle promise rejection
unhandled-promise,src/utils/advancedBusinessIntelligenceManager.ts,1005,Async function call without await,Medium,Add await or handle promise rejection
unhandled-promise,src/utils/advancedBusinessIntelligenceManager.ts,1021,Async function call without await,Medium,Add await or handle promise rejection
unhandled-promise,src/utils/advancedBusinessIntelligenceManager.ts,1083,Async function call without await,Medium,Add await or handle promise rejection
unhandled-promise,src/utils/advancedBusinessIntelligenceManager.ts,1181,Async function call without await,Medium,Add await or handle promise rejection
unhandled-promise,src/utils/advancedBusinessIntelligenceManager.ts,1207,Async function call without await,Medium,Add await or handle promise rejection
unhandled-promise,src/utils/advancedBusinessIntelligenceManager.ts,1234,Async function call without await,Medium,Add await or handle promise rejection
unhandled-promise,src/utils/advancedBusinessIntelligenceManager.ts,1288,Async function call without await,Medium,Add await or handle promise rejection
unhandled-promise,src/utils/advancedBusinessIntelligenceManager.ts,1295,Async function call without await,Medium,Add await or handle promise rejection
unhandled-promise,src/utils/advancedBusinessIntelligenceManager.ts,1315,Async function call without await,Medium,Add await or handle promise rejection
unhandled-promise,src/utils/advancedBusinessIntelligenceManager.ts,1326,Async function call without await,Medium,Add await or handle promise rejection
unhandled-promise,src/utils/advancedBusinessIntelligenceManager.ts,1354,Async function call without await,Medium,Add await or handle promise rejection
unhandled-promise,src/utils/advancedCachingManager.ts,270,Async function call without await,Medium,Add await or handle promise rejection
unhandled-promise,src/utils/advancedCachingManager.ts,284,Async function call without await,Medium,Add await or handle promise rejection
unhandled-promise,src/utils/advancedCachingManager.ts,412,Async function call without await,Medium,Add await or handle promise rejection
unhandled-promise,src/utils/advancedCachingManager.ts,475,Async function call without await,Medium,Add await or handle promise rejection
unhandled-promise,src/utils/advancedCachingManager.ts,507,Async function call without await,Medium,Add await or handle promise rejection
unhandled-promise,src/utils/advancedCachingManager.ts,518,Async function call without await,Medium,Add await or handle promise rejection
unhandled-promise,src/utils/advancedCachingManager.ts,535,Async function call without await,Medium,Add await or handle promise rejection
unhandled-promise,src/utils/advancedCachingManager.ts,566,Async function call without await,Medium,Add await or handle promise rejection
unhandled-promise,src/utils/advancedCachingManager.ts,626,Async function call without await,Medium,Add await or handle promise rejection
unhandled-promise,src/utils/advancedCachingManager.ts,641,Async function call without await,Medium,Add await or handle promise rejection
unhandled-promise,src/utils/advancedCachingManager.ts,652,Async function call without await,Medium,Add await or handle promise rejection
unhandled-promise,src/utils/advancedCachingManager.ts,658,Async function call without await,Medium,Add await or handle promise rejection
unhandled-promise,src/utils/advancedCachingManager.ts,678,Async function call without await,Medium,Add await or handle promise rejection
unhandled-promise,src/utils/advancedCachingManager.ts,719,Async function call without await,Medium,Add await or handle promise rejection
unhandled-promise,src/utils/advancedCachingManager.ts,739,Async function call without await,Medium,Add await or handle promise rejection
unhandled-promise,src/utils/advancedCachingManager.ts,751,Async function call without await,Medium,Add await or handle promise rejection
unhandled-promise,src/utils/advancedCachingManager.ts,763,Async function call without await,Medium,Add await or handle promise rejection
unhandled-promise,src/utils/advancedCachingManager.ts,774,Async function call without await,Medium,Add await or handle promise rejection
unhandled-promise,src/utils/advancedCachingManager.ts,824,Async function call without await,Medium,Add await or handle promise rejection
unhandled-promise,src/utils/advancedCachingManager.ts,840,Async function call without await,Medium,Add await or handle promise rejection
unhandled-promise,src/utils/advancedCachingManager.ts,846,Async function call without await,Medium,Add await or handle promise rejection
unhandled-promise,src/utils/advancedCachingManager.ts,862,Async function call without await,Medium,Add await or handle promise rejection
unhandled-promise,src/utils/advancedCachingManager.ts,878,Async function call without await,Medium,Add await or handle promise rejection
unhandled-promise,src/utils/advancedCachingManager.ts,901,Async function call without await,Medium,Add await or handle promise rejection
unhandled-promise,src/utils/advancedCachingManager.ts,956,Async function call without await,Medium,Add await or handle promise rejection
unhandled-promise,src/utils/advancedCachingManager.ts,978,Async function call without await,Medium,Add await or handle promise rejection
unhandled-promise,src/utils/advancedCollaborationToolsManager.ts,328,Async function call without await,Medium,Add await or handle promise rejection
unhandled-promise,src/utils/advancedCollaborationToolsManager.ts,340,Async function call without await,Medium,Add await or handle promise rejection
unhandled-promise,src/utils/advancedCollaborationToolsManager.ts,356,Async function call without await,Medium,Add await or handle promise rejection
unhandled-promise,src/utils/advancedCollaborationToolsManager.ts,374,Async function call without await,Medium,Add await or handle promise rejection
unhandled-promise,src/utils/advancedCollaborationToolsManager.ts,397,Async function call without await,Medium,Add await or handle promise rejection
unhandled-promise,src/utils/advancedCollaborationToolsManager.ts,420,Async function call without await,Medium,Add await or handle promise rejection
unhandled-promise,src/utils/advancedCollaborationToolsManager.ts,425,Async function call without await,Medium,Add await or handle promise rejection
unhandled-promise,src/utils/advancedCollaborationToolsManager.ts,430,Async function call without await,Medium,Add await or handle promise rejection
unhandled-promise,src/utils/advancedCollaborationToolsManager.ts,436,Async function call without await,Medium,Add await or handle promise rejection
unhandled-promise,src/utils/advancedCollaborationToolsManager.ts,455,Async function call without await,Medium,Add await or handle promise rejection
unhandled-promise,src/utils/advancedCollaborationToolsManager.ts,462,Async function call without await,Medium,Add await or handle promise rejection
unhandled-promise,src/utils/advancedCollaborationToolsManager.ts,477,Async function call without await,Medium,Add await or handle promise rejection
unhandled-promise,src/utils/advancedCollaborationToolsManager.ts,490,Async function call without await,Medium,Add await or handle promise rejection
unhandled-promise,src/utils/advancedCollaborationToolsManager.ts,507,Async function call without await,Medium,Add await or handle promise rejection
unhandled-promise,src/utils/advancedCollaborationToolsManager.ts,512,Async function call without await,Medium,Add await or handle promise rejection
unhandled-promise,src/utils/advancedCollaborationToolsManager.ts,518,Async function call without await,Medium,Add await or handle promise rejection
unhandled-promise,src/utils/advancedCollaborationToolsManager.ts,543,Async function call without await,Medium,Add await or handle promise rejection
unhandled-promise,src/utils/advancedCollaborationToolsManager.ts,582,Async function call without await,Medium,Add await or handle promise rejection
unhandled-promise,src/utils/advancedCollaborationToolsManager.ts,599,Async function call without await,Medium,Add await or handle promise rejection
unhandled-promise,src/utils/advancedCollaborationToolsManager.ts,617,Async function call without await,Medium,Add await or handle promise rejection
unhandled-promise,src/utils/advancedCollaborationToolsManager.ts,622,Async function call without await,Medium,Add await or handle promise rejection
unhandled-promise,src/utils/advancedCollaborationToolsManager.ts,628,Async function call without await,Medium,Add await or handle promise rejection
unhandled-promise,src/utils/advancedCollaborationToolsManager.ts,645,Async function call without await,Medium,Add await or handle promise rejection
unhandled-promise,src/utils/advancedCollaborationToolsManager.ts,656,Async function call without await,Medium,Add await or handle promise rejection
unhandled-promise,src/utils/advancedCollaborationToolsManager.ts,673,Async function call without await,Medium,Add await or handle promise rejection
unhandled-promise,src/utils/advancedCollaborationToolsManager.ts,678,Async function call without await,Medium,Add await or handle promise rejection
unhandled-promise,src/utils/advancedCollaborationToolsManager.ts,683,Async function call without await,Medium,Add await or handle promise rejection
unhandled-promise,src/utils/advancedCollaborationToolsManager.ts,689,Async function call without await,Medium,Add await or handle promise rejection
unhandled-promise,src/utils/advancedCollaborationToolsManager.ts,758,Async function call without await,Medium,Add await or handle promise rejection
unhandled-promise,src/utils/advancedCollaborationToolsManager.ts,857,Async function call without await,Medium,Add await or handle promise rejection
unhandled-promise,src/utils/advancedCollaborationToolsManager.ts,877,Async function call without await,Medium,Add await or handle promise rejection
unhandled-promise,src/utils/advancedDataManagementManager.ts,298,Async function call without await,Medium,Add await or handle promise rejection
unhandled-promise,src/utils/advancedDataManagementManager.ts,310,Async function call without await,Medium,Add await or handle promise rejection
unhandled-promise,src/utils/advancedDataManagementManager.ts,324,Async function call without await,Medium,Add await or handle promise rejection
unhandled-promise,src/utils/advancedDataManagementManager.ts,335,Async function call without await,Medium,Add await or handle promise rejection
unhandled-promise,src/utils/advancedDataManagementManager.ts,346,Async function call without await,Medium,Add await or handle promise rejection
unhandled-promise,src/utils/advancedDataManagementManager.ts,351,Async function call without await,Medium,Add await or handle promise rejection
unhandled-promise,src/utils/advancedDataManagementManager.ts,356,Async function call without await,Medium,Add await or handle promise rejection
unhandled-promise,src/utils/advancedDataManagementManager.ts,361,Async function call without await,Medium,Add await or handle promise rejection
unhandled-promise,src/utils/advancedDataManagementManager.ts,367,Async function call without await,Medium,Add await or handle promise rejection
unhandled-promise,src/utils/advancedDataManagementManager.ts,378,Async function call without await,Medium,Add await or handle promise rejection
unhandled-promise,src/utils/advancedDataManagementManager.ts,389,Async function call without await,Medium,Add await or handle promise rejection
unhandled-promise,src/utils/advancedDataManagementManager.ts,404,Async function call without await,Medium,Add await or handle promise rejection
unhandled-promise,src/utils/advancedDataManagementManager.ts,421,Async function call without await,Medium,Add await or handle promise rejection
unhandled-promise,src/utils/advancedDataManagementManager.ts,435,Async function call without await,Medium,Add await or handle promise rejection
unhandled-promise,src/utils/advancedDataManagementManager.ts,450,Async function call without await,Medium,Add await or handle promise rejection
unhandled-promise,src/utils/advancedDataManagementManager.ts,465,Async function call without await,Medium,Add await or handle promise rejection
unhandled-promise,src/utils/advancedDataManagementManager.ts,476,Async function call without await,Medium,Add await or handle promise rejection
unhandled-promise,src/utils/advancedDataManagementManager.ts,491,Async function call without await,Medium,Add await or handle promise rejection
unhandled-promise,src/utils/advancedDataManagementManager.ts,496,Async function call without await,Medium,Add await or handle promise rejection
unhandled-promise,src/utils/advancedDataManagementManager.ts,502,Async function call without await,Medium,Add await or handle promise rejection
unhandled-promise,src/utils/advancedDataManagementManager.ts,516,Async function call without await,Medium,Add await or handle promise rejection
unhandled-promise,src/utils/advancedDataManagementManager.ts,527,Async function call without await,Medium,Add await or handle promise rejection
unhandled-promise,src/utils/advancedDataManagementManager.ts,532,Async function call without await,Medium,Add await or handle promise rejection
unhandled-promise,src/utils/advancedDataManagementManager.ts,537,Async function call without await,Medium,Add await or handle promise rejection
unhandled-promise,src/utils/advancedDataManagementManager.ts,543,Async function call without await,Medium,Add await or handle promise rejection
unhandled-promise,src/utils/advancedDataManagementManager.ts,559,Async function call without await,Medium,Add await or handle promise rejection
unhandled-promise,src/utils/advancedDataManagementManager.ts,564,Async function call without await,Medium,Add await or handle promise rejection
unhandled-promise,src/utils/advancedDataManagementManager.ts,570,Async function call without await,Medium,Add await or handle promise rejection
unhandled-promise,src/utils/advancedDataManagementManager.ts,586,Async function call without await,Medium,Add await or handle promise rejection
unhandled-promise,src/utils/advancedDataManagementManager.ts,597,Async function call without await,Medium,Add await or handle promise rejection
unhandled-promise,src/utils/advancedDataManagementManager.ts,603,Async function call without await,Medium,Add await or handle promise rejection
unhandled-promise,src/utils/advancedDataManagementManager.ts,617,Async function call without await,Medium,Add await or handle promise rejection
unhandled-promise,src/utils/advancedDataManagementManager.ts,623,Async function call without await,Medium,Add await or handle promise rejection
unhandled-promise,src/utils/advancedDataManagementManager.ts,692,Async function call without await,Medium,Add await or handle promise rejection
unhandled-promise,src/utils/advancedDataManagementManager.ts,714,Async function call without await,Medium,Add await or handle promise rejection
unhandled-promise,src/utils/advancedEnterpriseSecurityManager.ts,250,Async function call without await,Medium,Add await or handle promise rejection
unhandled-promise,src/utils/advancedEnterpriseSecurityManager.ts,304,Async function call without await,Medium,Add await or handle promise rejection
unhandled-promise,src/utils/advancedEnterpriseSecurityManager.ts,342,Async function call without await,Medium,Add await or handle promise rejection
unhandled-promise,src/utils/advancedEnterpriseSecurityManager.ts,362,Async function call without await,Medium,Add await or handle promise rejection
unhandled-promise,src/utils/advancedEnterpriseSecurityManager.ts,372,Async function call without await,Medium,Add await or handle promise rejection
unhandled-promise,src/utils/advancedEnterpriseSecurityManager.ts,377,Async function call without await,Medium,Add await or handle promise rejection
unhandled-promise,src/utils/advancedEnterpriseSecurityManager.ts,414,Async function call without await,Medium,Add await or handle promise rejection
unhandled-promise,src/utils/advancedEnterpriseSecurityManager.ts,437,Async function call without await,Medium,Add await or handle promise rejection
unhandled-promise,src/utils/advancedEnterpriseSecurityManager.ts,453,Async function call without await,Medium,Add await or handle promise rejection
unhandled-promise,src/utils/advancedEnterpriseSecurityManager.ts,469,Async function call without await,Medium,Add await or handle promise rejection
unhandled-promise,src/utils/advancedEnterpriseSecurityManager.ts,474,Async function call without await,Medium,Add await or handle promise rejection
unhandled-promise,src/utils/advancedEnterpriseSecurityManager.ts,497,Async function call without await,Medium,Add await or handle promise rejection
unhandled-promise,src/utils/advancedEnterpriseSecurityManager.ts,518,Async function call without await,Medium,Add await or handle promise rejection
unhandled-promise,src/utils/advancedEnterpriseSecurityManager.ts,562,Async function call without await,Medium,Add await or handle promise rejection
unhandled-promise,src/utils/advancedEnterpriseSecurityManager.ts,575,Async function call without await,Medium,Add await or handle promise rejection
unhandled-promise,src/utils/advancedEnterpriseSecurityManager.ts,588,Async function call without await,Medium,Add await or handle promise rejection
unhandled-promise,src/utils/advancedEnterpriseSecurityManager.ts,605,Async function call without await,Medium,Add await or handle promise rejection
unhandled-promise,src/utils/advancedEnterpriseSecurityManager.ts,611,Async function call without await,Medium,Add await or handle promise rejection
unhandled-promise,src/utils/advancedEnterpriseSecurityManager.ts,625,Async function call without await,Medium,Add await or handle promise rejection
unhandled-promise,src/utils/advancedEnterpriseSecurityManager.ts,640,Async function call without await,Medium,Add await or handle promise rejection
unhandled-promise,src/utils/advancedEnterpriseSecurityManager.ts,657,Async function call without await,Medium,Add await or handle promise rejection
unhandled-promise,src/utils/advancedEnterpriseSecurityManager.ts,663,Async function call without await,Medium,Add await or handle promise rejection
unhandled-promise,src/utils/advancedEnterpriseSecurityManager.ts,669,Async function call without await,Medium,Add await or handle promise rejection
unhandled-promise,src/utils/advancedEnterpriseSecurityManager.ts,697,Async function call without await,Medium,Add await or handle promise rejection
unhandled-promise,src/utils/advancedEnterpriseSecurityManager.ts,751,Async function call without await,Medium,Add await or handle promise rejection
unhandled-promise,src/utils/advancedEnterpriseSecurityManager.ts,892,Async function call without await,Medium,Add await or handle promise rejection
unhandled-promise,src/utils/advancedEnterpriseSecurityManager.ts,924,Async function call without await,Medium,Add await or handle promise rejection
unhandled-promise,src/utils/advancedEnterpriseSecurityManager.ts,935,Async function call without await,Medium,Add await or handle promise rejection
unhandled-promise,src/utils/advancedEnterpriseSecurityManager.ts,943,Async function call without await,Medium,Add await or handle promise rejection
unhandled-promise,src/utils/advancedEnterpriseSecurityManager.ts,951,Async function call without await,Medium,Add await or handle promise rejection
unhandled-promise,src/utils/advancedEnterpriseSecurityManager.ts,997,Async function call without await,Medium,Add await or handle promise rejection
unhandled-promise,src/utils/advancedEnterpriseSecurityManager.ts,1046,Async function call without await,Medium,Add await or handle promise rejection
unhandled-promise,src/utils/advancedEnterpriseSecurityManager.ts,1070,Async function call without await,Medium,Add await or handle promise rejection
unhandled-promise,src/utils/advancedErrorHandlingManager.ts,285,Async function call without await,Medium,Add await or handle promise rejection
unhandled-promise,src/utils/advancedErrorHandlingManager.ts,298,Async function call without await,Medium,Add await or handle promise rejection
unhandled-promise,src/utils/advancedErrorHandlingManager.ts,446,Async function call without await,Medium,Add await or handle promise rejection
unhandled-promise,src/utils/advancedErrorHandlingManager.ts,484,Async function call without await,Medium,Add await or handle promise rejection
unhandled-promise,src/utils/advancedErrorHandlingManager.ts,489,Async function call without await,Medium,Add await or handle promise rejection
unhandled-promise,src/utils/advancedErrorHandlingManager.ts,494,Async function call without await,Medium,Add await or handle promise rejection
unhandled-promise,src/utils/advancedErrorHandlingManager.ts,499,Async function call without await,Medium,Add await or handle promise rejection
unhandled-promise,src/utils/advancedErrorHandlingManager.ts,504,Async function call without await,Medium,Add await or handle promise rejection
unhandled-promise,src/utils/advancedErrorHandlingManager.ts,525,Async function call without await,Medium,Add await or handle promise rejection
unhandled-promise,src/utils/advancedErrorHandlingManager.ts,581,Async function call without await,Medium,Add await or handle promise rejection
unhandled-promise,src/utils/advancedErrorHandlingManager.ts,586,Async function call without await,Medium,Add await or handle promise rejection
unhandled-promise,src/utils/advancedErrorHandlingManager.ts,598,Async function call without await,Medium,Add await or handle promise rejection
unhandled-promise,src/utils/advancedErrorHandlingManager.ts,617,Async function call without await,Medium,Add await or handle promise rejection
unhandled-promise,src/utils/advancedErrorHandlingManager.ts,651,Async function call without await,Medium,Add await or handle promise rejection
unhandled-promise,src/utils/advancedErrorHandlingManager.ts,657,Async function call without await,Medium,Add await or handle promise rejection
unhandled-promise,src/utils/advancedErrorHandlingManager.ts,678,Async function call without await,Medium,Add await or handle promise rejection
unhandled-promise,src/utils/advancedErrorHandlingManager.ts,722,Async function call without await,Medium,Add await or handle promise rejection
unhandled-promise,src/utils/advancedErrorHandlingManager.ts,739,Async function call without await,Medium,Add await or handle promise rejection
unhandled-promise,src/utils/advancedErrorHandlingManager.ts,744,Async function call without await,Medium,Add await or handle promise rejection
unhandled-promise,src/utils/advancedErrorHandlingManager.ts,759,Async function call without await,Medium,Add await or handle promise rejection
unhandled-promise,src/utils/advancedErrorHandlingManager.ts,826,Async function call without await,Medium,Add await or handle promise rejection
unhandled-promise,src/utils/advancedErrorHandlingManager.ts,919,Async function call without await,Medium,Add await or handle promise rejection
unhandled-promise,src/utils/advancedErrorHandlingManager.ts,941,Async function call without await,Medium,Add await or handle promise rejection
unhandled-promise,src/utils/advancedFeatures.ts,722,Async function call without await,Medium,Add await or handle promise rejection
unhandled-promise,src/utils/advancedFeatures.ts,727,Async function call without await,Medium,Add await or handle promise rejection
unhandled-promise,src/utils/advancedFeatures.ts,732,Async function call without await,Medium,Add await or handle promise rejection
unhandled-promise,src/utils/advancedFeatures.ts,737,Async function call without await,Medium,Add await or handle promise rejection
unhandled-promise,src/utils/advancedFeatures.ts,743,Async function call without await,Medium,Add await or handle promise rejection
unhandled-promise,src/utils/advancedFeatures.ts,749,Async function call without await,Medium,Add await or handle promise rejection
unhandled-promise,src/utils/advancedFeatures.ts,755,Async function call without await,Medium,Add await or handle promise rejection
unhandled-promise,src/utils/advancedIntegrationsHubManager.ts,287,Async function call without await,Medium,Add await or handle promise rejection
unhandled-promise,src/utils/advancedIntegrationsHubManager.ts,350,Async function call without await,Medium,Add await or handle promise rejection
unhandled-promise,src/utils/advancedIntegrationsHubManager.ts,382,Async function call without await,Medium,Add await or handle promise rejection
unhandled-promise,src/utils/advancedIntegrationsHubManager.ts,434,Async function call without await,Medium,Add await or handle promise rejection
unhandled-promise,src/utils/advancedIntegrationsHubManager.ts,464,Async function call without await,Medium,Add await or handle promise rejection
unhandled-promise,src/utils/advancedIntegrationsHubManager.ts,490,Async function call without await,Medium,Add await or handle promise rejection
unhandled-promise,src/utils/advancedIntegrationsHubManager.ts,496,Async function call without await,Medium,Add await or handle promise rejection
unhandled-promise,src/utils/advancedIntegrationsHubManager.ts,576,Async function call without await,Medium,Add await or handle promise rejection
unhandled-promise,src/utils/advancedIntegrationsHubManager.ts,596,Async function call without await,Medium,Add await or handle promise rejection
unhandled-promise,src/utils/advancedIntegrationsHubManager.ts,651,Async function call without await,Medium,Add await or handle promise rejection
unhandled-promise,src/utils/advancedIntegrationsHubManager.ts,662,Async function call without await,Medium,Add await or handle promise rejection
unhandled-promise,src/utils/advancedIntegrationsHubManager.ts,748,Async function call without await,Medium,Add await or handle promise rejection
unhandled-promise,src/utils/advancedIntegrationsHubManager.ts,766,Async function call without await,Medium,Add await or handle promise rejection
unhandled-promise,src/utils/advancedIntegrationsHubManager.ts,821,Async function call without await,Medium,Add await or handle promise rejection
unhandled-promise,src/utils/advancedIntegrationsHubManager.ts,963,Async function call without await,Medium,Add await or handle promise rejection
unhandled-promise,src/utils/advancedIntegrationsHubManager.ts,985,Async function call without await,Medium,Add await or handle promise rejection
unhandled-promise,src/utils/advancedIntegrationsHubManager.ts,1066,Async function call without await,Medium,Add await or handle promise rejection
unhandled-promise,src/utils/advancedIntegrationsHubManager.ts,1072,Async function call without await,Medium,Add await or handle promise rejection
unhandled-promise,src/utils/advancedIntegrationsHubManager.ts,1085,Async function call without await,Medium,Add await or handle promise rejection
unhandled-promise,src/utils/advancedIntegrationsHubManager.ts,1105,Async function call without await,Medium,Add await or handle promise rejection
unhandled-promise,src/utils/advancedIntegrationsHubManager.ts,1116,Async function call without await,Medium,Add await or handle promise rejection
unhandled-promise,src/utils/advancedIntegrationsHubManager.ts,1138,Async function call without await,Medium,Add await or handle promise rejection
unhandled-promise,src/utils/advancedPerformanceOptimizationManager.ts,300,Async function call without await,Medium,Add await or handle promise rejection
unhandled-promise,src/utils/advancedPerformanceOptimizationManager.ts,313,Async function call without await,Medium,Add await or handle promise rejection
unhandled-promise,src/utils/advancedPerformanceOptimizationManager.ts,423,Async function call without await,Medium,Add await or handle promise rejection
unhandled-promise,src/utils/advancedPerformanceOptimizationManager.ts,449,Async function call without await,Medium,Add await or handle promise rejection
unhandled-promise,src/utils/advancedPerformanceOptimizationManager.ts,489,Async function call without await,Medium,Add await or handle promise rejection
unhandled-promise,src/utils/advancedPerformanceOptimizationManager.ts,494,Async function call without await,Medium,Add await or handle promise rejection
unhandled-promise,src/utils/advancedPerformanceOptimizationManager.ts,500,Async function call without await,Medium,Add await or handle promise rejection
unhandled-promise,src/utils/advancedPerformanceOptimizationManager.ts,524,Async function call without await,Medium,Add await or handle promise rejection
unhandled-promise,src/utils/advancedPerformanceOptimizationManager.ts,540,Async function call without await,Medium,Add await or handle promise rejection
unhandled-promise,src/utils/advancedPerformanceOptimizationManager.ts,546,Async function call without await,Medium,Add await or handle promise rejection
unhandled-promise,src/utils/advancedPerformanceOptimizationManager.ts,575,Async function call without await,Medium,Add await or handle promise rejection
unhandled-promise,src/utils/advancedPerformanceOptimizationManager.ts,586,Async function call without await,Medium,Add await or handle promise rejection
unhandled-promise,src/utils/advancedPerformanceOptimizationManager.ts,592,Async function call without await,Medium,Add await or handle promise rejection
unhandled-promise,src/utils/advancedPerformanceOptimizationManager.ts,606,Async function call without await,Medium,Add await or handle promise rejection
unhandled-promise,src/utils/advancedPerformanceOptimizationManager.ts,617,Async function call without await,Medium,Add await or handle promise rejection
unhandled-promise,src/utils/advancedPerformanceOptimizationManager.ts,622,Async function call without await,Medium,Add await or handle promise rejection
unhandled-promise,src/utils/advancedPerformanceOptimizationManager.ts,628,Async function call without await,Medium,Add await or handle promise rejection
unhandled-promise,src/utils/advancedPerformanceOptimizationManager.ts,643,Async function call without await,Medium,Add await or handle promise rejection
unhandled-promise,src/utils/advancedPerformanceOptimizationManager.ts,657,Async function call without await,Medium,Add await or handle promise rejection
unhandled-promise,src/utils/advancedPerformanceOptimizationManager.ts,662,Async function call without await,Medium,Add await or handle promise rejection
unhandled-promise,src/utils/advancedPerformanceOptimizationManager.ts,668,Async function call without await,Medium,Add await or handle promise rejection
unhandled-promise,src/utils/advancedPerformanceOptimizationManager.ts,688,Async function call without await,Medium,Add await or handle promise rejection
unhandled-promise,src/utils/advancedPerformanceOptimizationManager.ts,727,Async function call without await,Medium,Add await or handle promise rejection
unhandled-promise,src/utils/advancedPerformanceOptimizationManager.ts,763,Async function call without await,Medium,Add await or handle promise rejection
unhandled-promise,src/utils/advancedPerformanceOptimizationManager.ts,799,Async function call without await,Medium,Add await or handle promise rejection
unhandled-promise,src/utils/advancedPerformanceOptimizationManager.ts,861,Async function call without await,Medium,Add await or handle promise rejection
unhandled-promise,src/utils/advancedPerformanceOptimizationManager.ts,887,Async function call without await,Medium,Add await or handle promise rejection
unhandled-promise,src/utils/advancedSearchHubManager.ts,175,Async function call without await,Medium,Add await or handle promise rejection
unhandled-promise,src/utils/advancedSearchHubManager.ts,251,Async function call without await,Medium,Add await or handle promise rejection
unhandled-promise,src/utils/advancedSearchHubManager.ts,267,Async function call without await,Medium,Add await or handle promise rejection
unhandled-promise,src/utils/advancedSearchHubManager.ts,278,Async function call without await,Medium,Add await or handle promise rejection
unhandled-promise,src/utils/advancedSearchHubManager.ts,289,Async function call without await,Medium,Add await or handle promise rejection
unhandled-promise,src/utils/advancedSearchHubManager.ts,294,Async function call without await,Medium,Add await or handle promise rejection
unhandled-promise,src/utils/advancedSearchHubManager.ts,299,Async function call without await,Medium,Add await or handle promise rejection
unhandled-promise,src/utils/advancedSearchHubManager.ts,304,Async function call without await,Medium,Add await or handle promise rejection
unhandled-promise,src/utils/advancedSearchHubManager.ts,383,Async function call without await,Medium,Add await or handle promise rejection
unhandled-promise,src/utils/advancedSearchHubManager.ts,438,Async function call without await,Medium,Add await or handle promise rejection
unhandled-promise,src/utils/advancedSearchHubManager.ts,571,Async function call without await,Medium,Add await or handle promise rejection
unhandled-promise,src/utils/advancedSearchHubManager.ts,613,Async function call without await,Medium,Add await or handle promise rejection
unhandled-promise,src/utils/advancedSearchHubManager.ts,639,Async function call without await,Medium,Add await or handle promise rejection
unhandled-promise,src/utils/advancedSearchHubManager.ts,660,Async function call without await,Medium,Add await or handle promise rejection
unhandled-promise,src/utils/advancedSearchHubManager.ts,736,Async function call without await,Medium,Add await or handle promise rejection
unhandled-promise,src/utils/advancedSearchHubManager.ts,741,Async function call without await,Medium,Add await or handle promise rejection
unhandled-promise,src/utils/advancedSearchHubManager.ts,768,Async function call without await,Medium,Add await or handle promise rejection
unhandled-promise,src/utils/advancedSearchHubManager.ts,809,Async function call without await,Medium,Add await or handle promise rejection
unhandled-promise,src/utils/advancedSearchHubManager.ts,829,Async function call without await,Medium,Add await or handle promise rejection
unhandled-promise,src/utils/advancedSearchManager.ts,251,Async function call without await,Medium,Add await or handle promise rejection
unhandled-promise,src/utils/advancedSearchManager.ts,397,Async function call without await,Medium,Add await or handle promise rejection
unhandled-promise,src/utils/advancedSearchManager.ts,450,Async function call without await,Medium,Add await or handle promise rejection
unhandled-promise,src/utils/advancedSearchManager.ts,475,Async function call without await,Medium,Add await or handle promise rejection
unhandled-promise,src/utils/advancedSearchManager.ts,499,Async function call without await,Medium,Add await or handle promise rejection
unhandled-promise,src/utils/advancedSearchManager.ts,527,Async function call without await,Medium,Add await or handle promise rejection
unhandled-promise,src/utils/advancedSearchManager.ts,565,Async function call without await,Medium,Add await or handle promise rejection
unhandled-promise,src/utils/advancedSearchManager.ts,592,Async function call without await,Medium,Add await or handle promise rejection
unhandled-promise,src/utils/advancedSearchManager.ts,619,Async function call without await,Medium,Add await or handle promise rejection
unhandled-promise,src/utils/advancedSearchManager.ts,645,Async function call without await,Medium,Add await or handle promise rejection
unhandled-promise,src/utils/advancedSearchManager.ts,677,Async function call without await,Medium,Add await or handle promise rejection
unhandled-promise,src/utils/advancedSearchManager.ts,704,Async function call without await,Medium,Add await or handle promise rejection
unhandled-promise,src/utils/advancedSearchManager.ts,721,Async function call without await,Medium,Add await or handle promise rejection
unhandled-promise,src/utils/advancedSearchManager.ts,740,Async function call without await,Medium,Add await or handle promise rejection
unhandled-promise,src/utils/advancedSearchManager.ts,759,Async function call without await,Medium,Add await or handle promise rejection
unhandled-promise,src/utils/advancedSearchManager.ts,878,Async function call without await,Medium,Add await or handle promise rejection
unhandled-promise,src/utils/advancedSearchManager.ts,900,Async function call without await,Medium,Add await or handle promise rejection
unhandled-promise,src/utils/advancedSearchManager.ts,912,Async function call without await,Medium,Add await or handle promise rejection
unhandled-promise,src/utils/advancedSearchManager.ts,917,Async function call without await,Medium,Add await or handle promise rejection
unhandled-promise,src/utils/advancedSearchManager.ts,928,Async function call without await,Medium,Add await or handle promise rejection
unhandled-promise,src/utils/advancedSearchManager.ts,940,Async function call without await,Medium,Add await or handle promise rejection
unhandled-promise,src/utils/advancedSearchManager.ts,981,Async function call without await,Medium,Add await or handle promise rejection
unhandled-promise,src/utils/advancedSearchManager.ts,1009,Async function call without await,Medium,Add await or handle promise rejection
unhandled-promise,src/utils/advancedSearchManager.ts,1039,Async function call without await,Medium,Add await or handle promise rejection
unhandled-promise,src/utils/advancedSearchManager.ts,1045,Async function call without await,Medium,Add await or handle promise rejection
unhandled-promise,src/utils/advancedSearchManager.ts,1092,Async function call without await,Medium,Add await or handle promise rejection
unhandled-promise,src/utils/advancedSearchManager.ts,1104,Async function call without await,Medium,Add await or handle promise rejection
unhandled-promise,src/utils/advancedSearchManager.ts,1115,Async function call without await,Medium,Add await or handle promise rejection
unhandled-promise,src/utils/advancedSearchManager.ts,1150,Async function call without await,Medium,Add await or handle promise rejection
unhandled-promise,src/utils/advancedSearchManager.ts,1158,Async function call without await,Medium,Add await or handle promise rejection
unhandled-promise,src/utils/advancedSearchManager.ts,1164,Async function call without await,Medium,Add await or handle promise rejection
unhandled-promise,src/utils/advancedSearchManager.ts,1184,Async function call without await,Medium,Add await or handle promise rejection
unhandled-promise,src/utils/advancedSecurityFeaturesManager.ts,383,Async function call without await,Medium,Add await or handle promise rejection
unhandled-promise,src/utils/advancedSecurityFeaturesManager.ts,463,Async function call without await,Medium,Add await or handle promise rejection
unhandled-promise,src/utils/advancedSecurityFeaturesManager.ts,506,Async function call without await,Medium,Add await or handle promise rejection
unhandled-promise,src/utils/advancedSecurityFeaturesManager.ts,542,Async function call without await,Medium,Add await or handle promise rejection
unhandled-promise,src/utils/advancedSecurityFeaturesManager.ts,567,Async function call without await,Medium,Add await or handle promise rejection
unhandled-promise,src/utils/advancedSecurityFeaturesManager.ts,586,Async function call without await,Medium,Add await or handle promise rejection
unhandled-promise,src/utils/advancedSecurityFeaturesManager.ts,602,Async function call without await,Medium,Add await or handle promise rejection
unhandled-promise,src/utils/advancedSecurityFeaturesManager.ts,661,Async function call without await,Medium,Add await or handle promise rejection
unhandled-promise,src/utils/advancedSecurityFeaturesManager.ts,682,Async function call without await,Medium,Add await or handle promise rejection
unhandled-promise,src/utils/advancedSecurityFeaturesManager.ts,719,Async function call without await,Medium,Add await or handle promise rejection
unhandled-promise,src/utils/advancedSecurityFeaturesManager.ts,818,Async function call without await,Medium,Add await or handle promise rejection
unhandled-promise,src/utils/advancedSecurityFeaturesManager.ts,838,Async function call without await,Medium,Add await or handle promise rejection
unhandled-promise,src/utils/advancedSecurityFeaturesManager.ts,849,Async function call without await,Medium,Add await or handle promise rejection
unhandled-promise,src/utils/advancedSecurityFeaturesManager.ts,875,Async function call without await,Medium,Add await or handle promise rejection
unhandled-promise,src/utils/advancedSecurityFeaturesManager.ts,906,Async function call without await,Medium,Add await or handle promise rejection
unhandled-promise,src/utils/advancedSecurityFeaturesManager.ts,951,Async function call without await,Medium,Add await or handle promise rejection
unhandled-promise,src/utils/advancedSecurityFeaturesManager.ts,979,Async function call without await,Medium,Add await or handle promise rejection
unhandled-promise,src/utils/advancedSecurityFeaturesManager.ts,1022,Async function call without await,Medium,Add await or handle promise rejection
unhandled-promise,src/utils/advancedSecurityFeaturesManager.ts,1114,Async function call without await,Medium,Add await or handle promise rejection
unhandled-promise,src/utils/advancedSecurityFeaturesManager.ts,1121,Async function call without await,Medium,Add await or handle promise rejection
unhandled-promise,src/utils/advancedSecurityFeaturesManager.ts,1137,Async function call without await,Medium,Add await or handle promise rejection
unhandled-promise,src/utils/advancedSecurityFeaturesManager.ts,1142,Async function call without await,Medium,Add await or handle promise rejection
unhandled-promise,src/utils/advancedSecurityFeaturesManager.ts,1192,Async function call without await,Medium,Add await or handle promise rejection
unhandled-promise,src/utils/advancedSecurityFeaturesManager.ts,1218,Async function call without await,Medium,Add await or handle promise rejection
unhandled-promise,src/utils/advancedTaskBreakdownManager.ts,237,Async function call without await,Medium,Add await or handle promise rejection
unhandled-promise,src/utils/advancedTaskBreakdownManager.ts,302,Async function call without await,Medium,Add await or handle promise rejection
unhandled-promise,src/utils/advancedTaskBreakdownManager.ts,340,Async function call without await,Medium,Add await or handle promise rejection
unhandled-promise,src/utils/advancedTaskBreakdownManager.ts,375,Async function call without await,Medium,Add await or handle promise rejection
unhandled-promise,src/utils/advancedTaskBreakdownManager.ts,480,Async function call without await,Medium,Add await or handle promise rejection
unhandled-promise,src/utils/advancedTaskBreakdownManager.ts,508,Async function call without await,Medium,Add await or handle promise rejection
unhandled-promise,src/utils/advancedTaskBreakdownManager.ts,591,Async function call without await,Medium,Add await or handle promise rejection
unhandled-promise,src/utils/advancedTaskBreakdownManager.ts,611,Async function call without await,Medium,Add await or handle promise rejection
unhandled-promise,src/utils/advancedTaskBreakdownManager.ts,666,Async function call without await,Medium,Add await or handle promise rejection
unhandled-promise,src/utils/advancedTaskBreakdownManager.ts,704,Async function call without await,Medium,Add await or handle promise rejection
unhandled-promise,src/utils/advancedTaskBreakdownManager.ts,720,Async function call without await,Medium,Add await or handle promise rejection
unhandled-promise,src/utils/advancedTaskBreakdownManager.ts,729,Async function call without await,Medium,Add await or handle promise rejection
unhandled-promise,src/utils/advancedTaskBreakdownManager.ts,782,Async function call without await,Medium,Add await or handle promise rejection
unhandled-promise,src/utils/advancedTaskBreakdownManager.ts,826,Async function call without await,Medium,Add await or handle promise rejection
unhandled-promise,src/utils/advancedTaskBreakdownManager.ts,836,Async function call without await,Medium,Add await or handle promise rejection
unhandled-promise,src/utils/advancedTaskBreakdownManager.ts,842,Async function call without await,Medium,Add await or handle promise rejection
unhandled-promise,src/utils/advancedTaskBreakdownManager.ts,890,Async function call without await,Medium,Add await or handle promise rejection
unhandled-promise,src/utils/advancedTaskBreakdownManager.ts,897,Async function call without await,Medium,Add await or handle promise rejection
unhandled-promise,src/utils/advancedTaskBreakdownManager.ts,905,Async function call without await,Medium,Add await or handle promise rejection
unhandled-promise,src/utils/advancedTaskBreakdownManager.ts,917,Async function call without await,Medium,Add await or handle promise rejection
unhandled-promise,src/utils/advancedTaskBreakdownManager.ts,936,Async function call without await,Medium,Add await or handle promise rejection
unhandled-promise,src/utils/advancedTaskBreakdownManager.ts,956,Async function call without await,Medium,Add await or handle promise rejection
unhandled-promise,src/utils/advancedThreatDetectionManager.ts,299,Async function call without await,Medium,Add await or handle promise rejection
unhandled-promise,src/utils/advancedThreatDetectionManager.ts,341,Async function call without await,Medium,Add await or handle promise rejection
unhandled-promise,src/utils/advancedThreatDetectionManager.ts,369,Async function call without await,Medium,Add await or handle promise rejection
unhandled-promise,src/utils/advancedThreatDetectionManager.ts,380,Async function call without await,Medium,Add await or handle promise rejection
unhandled-promise,src/utils/advancedThreatDetectionManager.ts,385,Async function call without await,Medium,Add await or handle promise rejection
unhandled-promise,src/utils/advancedThreatDetectionManager.ts,390,Async function call without await,Medium,Add await or handle promise rejection
unhandled-promise,src/utils/advancedThreatDetectionManager.ts,395,Async function call without await,Medium,Add await or handle promise rejection
unhandled-promise,src/utils/advancedThreatDetectionManager.ts,403,Async function call without await,Medium,Add await or handle promise rejection
unhandled-promise,src/utils/advancedThreatDetectionManager.ts,418,Async function call without await,Medium,Add await or handle promise rejection
unhandled-promise,src/utils/advancedThreatDetectionManager.ts,429,Async function call without await,Medium,Add await or handle promise rejection
unhandled-promise,src/utils/advancedThreatDetectionManager.ts,435,Async function call without await,Medium,Add await or handle promise rejection
unhandled-promise,src/utils/advancedThreatDetectionManager.ts,455,Async function call without await,Medium,Add await or handle promise rejection
unhandled-promise,src/utils/advancedThreatDetectionManager.ts,471,Async function call without await,Medium,Add await or handle promise rejection
unhandled-promise,src/utils/advancedThreatDetectionManager.ts,476,Async function call without await,Medium,Add await or handle promise rejection
unhandled-promise,src/utils/advancedThreatDetectionManager.ts,482,Async function call without await,Medium,Add await or handle promise rejection
unhandled-promise,src/utils/advancedThreatDetectionManager.ts,513,Async function call without await,Medium,Add await or handle promise rejection
unhandled-promise,src/utils/advancedThreatDetectionManager.ts,528,Async function call without await,Medium,Add await or handle promise rejection
unhandled-promise,src/utils/advancedThreatDetectionManager.ts,534,Async function call without await,Medium,Add await or handle promise rejection
unhandled-promise,src/utils/advancedThreatDetectionManager.ts,554,Async function call without await,Medium,Add await or handle promise rejection
unhandled-promise,src/utils/advancedThreatDetectionManager.ts,569,Async function call without await,Medium,Add await or handle promise rejection
unhandled-promise,src/utils/advancedThreatDetectionManager.ts,595,Async function call without await,Medium,Add await or handle promise rejection
unhandled-promise,src/utils/advancedThreatDetectionManager.ts,600,Async function call without await,Medium,Add await or handle promise rejection
unhandled-promise,src/utils/advancedThreatDetectionManager.ts,608,Async function call without await,Medium,Add await or handle promise rejection
unhandled-promise,src/utils/advancedThreatDetectionManager.ts,687,Async function call without await,Medium,Add await or handle promise rejection
unhandled-promise,src/utils/advancedThreatDetectionManager.ts,747,Async function call without await,Medium,Add await or handle promise rejection
unhandled-promise,src/utils/advancedThreatDetectionManager.ts,807,Async function call without await,Medium,Add await or handle promise rejection
unhandled-promise,src/utils/advancedThreatDetectionManager.ts,854,Async function call without await,Medium,Add await or handle promise rejection
unhandled-promise,src/utils/advancedThreatDetectionManager.ts,876,Async function call without await,Medium,Add await or handle promise rejection
unhandled-promise,src/utils/advancedUIAnimationsManager.ts,373,Async function call without await,Medium,Add await or handle promise rejection
unhandled-promise,src/utils/advancedUIAnimationsManager.ts,430,Async function call without await,Medium,Add await or handle promise rejection
unhandled-promise,src/utils/advancedUIAnimationsManager.ts,513,Async function call without await,Medium,Add await or handle promise rejection
unhandled-promise,src/utils/advancedUIAnimationsManager.ts,524,Async function call without await,Medium,Add await or handle promise rejection
unhandled-promise,src/utils/advancedUIAnimationsManager.ts,583,Async function call without await,Medium,Add await or handle promise rejection
unhandled-promise,src/utils/advancedUIAnimationsManager.ts,723,Async function call without await,Medium,Add await or handle promise rejection
unhandled-promise,src/utils/advancedUIUXComponentsManager.ts,279,Async function call without await,Medium,Add await or handle promise rejection
unhandled-promise,src/utils/advancedUIUXComponentsManager.ts,291,Async function call without await,Medium,Add await or handle promise rejection
unhandled-promise,src/utils/advancedUIUXComponentsManager.ts,468,Async function call without await,Medium,Add await or handle promise rejection
unhandled-promise,src/utils/advancedUIUXComponentsManager.ts,488,Async function call without await,Medium,Add await or handle promise rejection
unhandled-promise,src/utils/advancedUIUXComponentsManager.ts,505,Async function call without await,Medium,Add await or handle promise rejection
unhandled-promise,src/utils/advancedUIUXComponentsManager.ts,510,Async function call without await,Medium,Add await or handle promise rejection
unhandled-promise,src/utils/advancedUIUXComponentsManager.ts,515,Async function call without await,Medium,Add await or handle promise rejection
unhandled-promise,src/utils/advancedUIUXComponentsManager.ts,521,Async function call without await,Medium,Add await or handle promise rejection
unhandled-promise,src/utils/advancedUIUXComponentsManager.ts,534,Async function call without await,Medium,Add await or handle promise rejection
unhandled-promise,src/utils/advancedUIUXComponentsManager.ts,545,Async function call without await,Medium,Add await or handle promise rejection
unhandled-promise,src/utils/advancedUIUXComponentsManager.ts,550,Async function call without await,Medium,Add await or handle promise rejection
unhandled-promise,src/utils/advancedUIUXComponentsManager.ts,556,Async function call without await,Medium,Add await or handle promise rejection
unhandled-promise,src/utils/advancedUIUXComponentsManager.ts,569,Async function call without await,Medium,Add await or handle promise rejection
unhandled-promise,src/utils/advancedUIUXComponentsManager.ts,580,Async function call without await,Medium,Add await or handle promise rejection
unhandled-promise,src/utils/advancedUIUXComponentsManager.ts,585,Async function call without await,Medium,Add await or handle promise rejection
unhandled-promise,src/utils/advancedUIUXComponentsManager.ts,591,Async function call without await,Medium,Add await or handle promise rejection
unhandled-promise,src/utils/advancedUIUXComponentsManager.ts,634,Async function call without await,Medium,Add await or handle promise rejection
unhandled-promise,src/utils/advancedUIUXComponentsManager.ts,645,Async function call without await,Medium,Add await or handle promise rejection
unhandled-promise,src/utils/advancedUIUXComponentsManager.ts,674,Async function call without await,Medium,Add await or handle promise rejection
unhandled-promise,src/utils/advancedUIUXComponentsManager.ts,685,Async function call without await,Medium,Add await or handle promise rejection
unhandled-promise,src/utils/advancedUIUXComponentsManager.ts,698,Async function call without await,Medium,Add await or handle promise rejection
unhandled-promise,src/utils/advancedUIUXComponentsManager.ts,704,Async function call without await,Medium,Add await or handle promise rejection
unhandled-promise,src/utils/advancedUIUXComponentsManager.ts,730,Async function call without await,Medium,Add await or handle promise rejection
unhandled-promise,src/utils/advancedUIUXComponentsManager.ts,741,Async function call without await,Medium,Add await or handle promise rejection
unhandled-promise,src/utils/advancedUIUXComponentsManager.ts,797,Async function call without await,Medium,Add await or handle promise rejection
unhandled-promise,src/utils/advancedUIUXComponentsManager.ts,823,Async function call without await,Medium,Add await or handle promise rejection
unhandled-promise,src/utils/advancedWorkflowAutomationManager.ts,330,Async function call without await,Medium,Add await or handle promise rejection
unhandled-promise,src/utils/advancedWorkflowAutomationManager.ts,356,Async function call without await,Medium,Add await or handle promise rejection
unhandled-promise,src/utils/advancedWorkflowAutomationManager.ts,374,Async function call without await,Medium,Add await or handle promise rejection
unhandled-promise,src/utils/advancedWorkflowAutomationManager.ts,427,Async function call without await,Medium,Add await or handle promise rejection
unhandled-promise,src/utils/advancedWorkflowAutomationManager.ts,458,Async function call without await,Medium,Add await or handle promise rejection
unhandled-promise,src/utils/advancedWorkflowAutomationManager.ts,500,Async function call without await,Medium,Add await or handle promise rejection
unhandled-promise,src/utils/advancedWorkflowAutomationManager.ts,520,Async function call without await,Medium,Add await or handle promise rejection
unhandled-promise,src/utils/advancedWorkflowAutomationManager.ts,536,Async function call without await,Medium,Add await or handle promise rejection
unhandled-promise,src/utils/advancedWorkflowAutomationManager.ts,603,Async function call without await,Medium,Add await or handle promise rejection
unhandled-promise,src/utils/advancedWorkflowAutomationManager.ts,636,Async function call without await,Medium,Add await or handle promise rejection
unhandled-promise,src/utils/advancedWorkflowAutomationManager.ts,646,Async function call without await,Medium,Add await or handle promise rejection
unhandled-promise,src/utils/aiEnhancementsManager.ts,361,Async function call without await,Medium,Add await or handle promise rejection
unhandled-promise,src/utils/aiEnhancementsManager.ts,373,Async function call without await,Medium,Add await or handle promise rejection
unhandled-promise,src/utils/aiEnhancementsManager.ts,387,Async function call without await,Medium,Add await or handle promise rejection
unhandled-promise,src/utils/aiEnhancementsManager.ts,398,Async function call without await,Medium,Add await or handle promise rejection
unhandled-promise,src/utils/aiEnhancementsManager.ts,403,Async function call without await,Medium,Add await or handle promise rejection
unhandled-promise,src/utils/aiEnhancementsManager.ts,408,Async function call without await,Medium,Add await or handle promise rejection
unhandled-promise,src/utils/aiEnhancementsManager.ts,414,Async function call without await,Medium,Add await or handle promise rejection
unhandled-promise,src/utils/aiEnhancementsManager.ts,428,Async function call without await,Medium,Add await or handle promise rejection
unhandled-promise,src/utils/aiEnhancementsManager.ts,439,Async function call without await,Medium,Add await or handle promise rejection
unhandled-promise,src/utils/aiEnhancementsManager.ts,444,Async function call without await,Medium,Add await or handle promise rejection
unhandled-promise,src/utils/aiEnhancementsManager.ts,450,Async function call without await,Medium,Add await or handle promise rejection
unhandled-promise,src/utils/aiEnhancementsManager.ts,464,Async function call without await,Medium,Add await or handle promise rejection
unhandled-promise,src/utils/aiEnhancementsManager.ts,470,Async function call without await,Medium,Add await or handle promise rejection
unhandled-promise,src/utils/aiEnhancementsManager.ts,485,Async function call without await,Medium,Add await or handle promise rejection
unhandled-promise,src/utils/aiEnhancementsManager.ts,491,Async function call without await,Medium,Add await or handle promise rejection
unhandled-promise,src/utils/aiEnhancementsManager.ts,505,Async function call without await,Medium,Add await or handle promise rejection
unhandled-promise,src/utils/aiEnhancementsManager.ts,511,Async function call without await,Medium,Add await or handle promise rejection
unhandled-promise,src/utils/aiEnhancementsManager.ts,525,Async function call without await,Medium,Add await or handle promise rejection
unhandled-promise,src/utils/aiEnhancementsManager.ts,531,Async function call without await,Medium,Add await or handle promise rejection
unhandled-promise,src/utils/aiEnhancementsManager.ts,545,Async function call without await,Medium,Add await or handle promise rejection
unhandled-promise,src/utils/aiEnhancementsManager.ts,551,Async function call without await,Medium,Add await or handle promise rejection
unhandled-promise,src/utils/aiEnhancementsManager.ts,566,Async function call without await,Medium,Add await or handle promise rejection
unhandled-promise,src/utils/aiEnhancementsManager.ts,572,Async function call without await,Medium,Add await or handle promise rejection
unhandled-promise,src/utils/aiEnhancementsManager.ts,586,Async function call without await,Medium,Add await or handle promise rejection
unhandled-promise,src/utils/aiEnhancementsManager.ts,592,Async function call without await,Medium,Add await or handle promise rejection
unhandled-promise,src/utils/aiEnhancementsManager.ts,606,Async function call without await,Medium,Add await or handle promise rejection
unhandled-promise,src/utils/aiEnhancementsManager.ts,612,Async function call without await,Medium,Add await or handle promise rejection
unhandled-promise,src/utils/aiEnhancementsManager.ts,626,Async function call without await,Medium,Add await or handle promise rejection
unhandled-promise,src/utils/aiEnhancementsManager.ts,641,Async function call without await,Medium,Add await or handle promise rejection
unhandled-promise,src/utils/aiEnhancementsManager.ts,647,Async function call without await,Medium,Add await or handle promise rejection
unhandled-promise,src/utils/aiEnhancementsManager.ts,705,Async function call without await,Medium,Add await or handle promise rejection
unhandled-promise,src/utils/aiEnhancementsManager.ts,737,Async function call without await,Medium,Add await or handle promise rejection
unhandled-fetch,src/utils/aiHelper.ts,35,Fetch call without error handling,Medium,Add try/catch or .catch() handler
unhandled-fetch,src/utils/aiHelper.ts,68,Fetch call without error handling,Medium,Add try/catch or .catch() handler
unhandled-fetch,src/utils/aiHelper.ts,103,Fetch call without error handling,Medium,Add try/catch or .catch() handler
unhandled-fetch,src/utils/aiHelper.ts,130,Fetch call without error handling,Medium,Add try/catch or .catch() handler
unhandled-fetch,src/utils/aiHelper.ts,157,Fetch call without error handling,Medium,Add try/catch or .catch() handler
unhandled-fetch,src/utils/aiHelper.ts,188,Fetch call without error handling,Medium,Add try/catch or .catch() handler
unhandled-promise,src/utils/analytics.ts,45,Async function call without await,Medium,Add await or handle promise rejection
unhandled-promise,src/utils/analytics.ts,212,Async function call without await,Medium,Add await or handle promise rejection
unhandled-promise,src/utils/analytics.ts,234,Async function call without await,Medium,Add await or handle promise rejection
unhandled-fetch,src/utils/apiIntegrationFramework.ts,266,Fetch call without error handling,Medium,Add try/catch or .catch() handler
unhandled-promise,src/utils/apiIntegrationFramework.ts,437,Async function call without await,Medium,Add await or handle promise rejection
unhandled-promise,src/utils/apiIntegrationFramework.ts,469,Async function call without await,Medium,Add await or handle promise rejection
unhandled-promise,src/utils/apiIntegrationFramework.ts,541,Async function call without await,Medium,Add await or handle promise rejection
unhandled-promise,src/utils/apiMarketplaceExtensionsManager.ts,524,Async function call without await,Medium,Add await or handle promise rejection
unhandled-promise,src/utils/apiMarketplaceExtensionsManager.ts,546,Async function call without await,Medium,Add await or handle promise rejection
unhandled-promise,src/utils/backendApi.ts,72,Async function call without await,Medium,Add await or handle promise rejection
unhandled-fetch,src/utils/backendApi.ts,86,Fetch call without error handling,Medium,Add try/catch or .catch() handler
unhandled-fetch,src/utils/backendApi.ts,130,Fetch call without error handling,Medium,Add try/catch or .catch() handler
unhandled-promise,src/utils/backendApi.ts,179,Async function call without await,Medium,Add await or handle promise rejection
unhandled-promise,src/utils/backendApi.ts,183,Async function call without await,Medium,Add await or handle promise rejection
unhandled-promise,src/utils/backendApi.ts,187,Async function call without await,Medium,Add await or handle promise rejection
unhandled-promise,src/utils/backendApi.ts,191,Async function call without await,Medium,Add await or handle promise rejection
unhandled-promise,src/utils/backendApi.ts,195,Async function call without await,Medium,Add await or handle promise rejection
unhandled-promise,src/utils/backendApi.ts,202,Async function call without await,Medium,Add await or handle promise rejection
unhandled-promise,src/utils/backendApi.ts,209,Async function call without await,Medium,Add await or handle promise rejection
unhandled-promise,src/utils/businessDevelopmentManager.ts,110,Async function call without await,Medium,Add await or handle promise rejection
unhandled-promise,src/utils/businessDevelopmentManager.ts,122,Async function call without await,Medium,Add await or handle promise rejection
unhandled-promise,src/utils/businessDevelopmentManager.ts,136,Async function call without await,Medium,Add await or handle promise rejection
unhandled-promise,src/utils/businessDevelopmentManager.ts,147,Async function call without await,Medium,Add await or handle promise rejection
unhandled-promise,src/utils/businessDevelopmentManager.ts,152,Async function call without await,Medium,Add await or handle promise rejection
unhandled-promise,src/utils/businessDevelopmentManager.ts,157,Async function call without await,Medium,Add await or handle promise rejection
unhandled-promise,src/utils/businessDevelopmentManager.ts,163,Async function call without await,Medium,Add await or handle promise rejection
unhandled-promise,src/utils/businessDevelopmentManager.ts,178,Async function call without await,Medium,Add await or handle promise rejection
unhandled-promise,src/utils/businessDevelopmentManager.ts,193,Async function call without await,Medium,Add await or handle promise rejection
unhandled-promise,src/utils/businessDevelopmentManager.ts,198,Async function call without await,Medium,Add await or handle promise rejection
unhandled-promise,src/utils/businessDevelopmentManager.ts,203,Async function call without await,Medium,Add await or handle promise rejection
unhandled-promise,src/utils/businessDevelopmentManager.ts,210,Async function call without await,Medium,Add await or handle promise rejection
unhandled-promise,src/utils/businessDevelopmentManager.ts,225,Async function call without await,Medium,Add await or handle promise rejection
unhandled-promise,src/utils/businessDevelopmentManager.ts,239,Async function call without await,Medium,Add await or handle promise rejection
unhandled-promise,src/utils/businessDevelopmentManager.ts,250,Async function call without await,Medium,Add await or handle promise rejection
unhandled-promise,src/utils/businessDevelopmentManager.ts,255,Async function call without await,Medium,Add await or handle promise rejection
unhandled-promise,src/utils/businessDevelopmentManager.ts,260,Async function call without await,Medium,Add await or handle promise rejection
unhandled-promise,src/utils/businessDevelopmentManager.ts,266,Async function call without await,Medium,Add await or handle promise rejection
unhandled-promise,src/utils/businessDevelopmentManager.ts,280,Async function call without await,Medium,Add await or handle promise rejection
unhandled-promise,src/utils/businessDevelopmentManager.ts,291,Async function call without await,Medium,Add await or handle promise rejection
unhandled-promise,src/utils/businessDevelopmentManager.ts,296,Async function call without await,Medium,Add await or handle promise rejection
unhandled-promise,src/utils/businessDevelopmentManager.ts,301,Async function call without await,Medium,Add await or handle promise rejection
unhandled-promise,src/utils/businessDevelopmentManager.ts,319,Async function call without await,Medium,Add await or handle promise rejection
unhandled-promise,src/utils/businessDevelopmentManager.ts,333,Async function call without await,Medium,Add await or handle promise rejection
unhandled-promise,src/utils/businessDevelopmentManager.ts,344,Async function call without await,Medium,Add await or handle promise rejection
unhandled-promise,src/utils/businessDevelopmentManager.ts,349,Async function call without await,Medium,Add await or handle promise rejection
unhandled-promise,src/utils/businessDevelopmentManager.ts,371,Async function call without await,Medium,Add await or handle promise rejection
unhandled-promise,src/utils/businessDevelopmentManager.ts,415,Async function call without await,Medium,Add await or handle promise rejection
unhandled-promise,src/utils/businessDevelopmentManager.ts,468,Async function call without await,Medium,Add await or handle promise rejection
unhandled-promise,src/utils/businessDevelopmentManager.ts,477,Async function call without await,Medium,Add await or handle promise rejection
unhandled-promise,src/utils/businessDevelopmentManager.ts,486,Async function call without await,Medium,Add await or handle promise rejection
unhandled-promise,src/utils/businessDevelopmentManager.ts,499,Async function call without await,Medium,Add await or handle promise rejection
unhandled-promise,src/utils/businessDevelopmentManager.ts,526,Async function call without await,Medium,Add await or handle promise rejection
unhandled-promise,src/utils/businessDevelopmentManager.ts,546,Async function call without await,Medium,Add await or handle promise rejection
unhandled-promise,src/utils/businessDevelopmentManager.ts,565,Async function call without await,Medium,Add await or handle promise rejection
unhandled-promise,src/utils/businessDevelopmentManager.ts,587,Async function call without await,Medium,Add await or handle promise rejection
unhandled-promise,src/utils/businessDevelopmentManager.ts,605,Async function call without await,Medium,Add await or handle promise rejection
unhandled-promise,src/utils/codeQualityRefactoringManager.ts,168,Async function call without await,Medium,Add await or handle promise rejection
unhandled-promise,src/utils/codeQualityRefactoringManager.ts,214,Async function call without await,Medium,Add await or handle promise rejection
unhandled-promise,src/utils/codeQualityRefactoringManager.ts,230,Async function call without await,Medium,Add await or handle promise rejection
unhandled-promise,src/utils/codeQualityRefactoringManager.ts,256,Async function call without await,Medium,Add await or handle promise rejection
unhandled-promise,src/utils/codeQualityRefactoringManager.ts,261,Async function call without await,Medium,Add await or handle promise rejection
unhandled-promise,src/utils/codeQualityRefactoringManager.ts,267,Async function call without await,Medium,Add await or handle promise rejection
unhandled-promise,src/utils/codeQualityRefactoringManager.ts,290,Async function call without await,Medium,Add await or handle promise rejection
unhandled-promise,src/utils/codeQualityRefactoringManager.ts,306,Async function call without await,Medium,Add await or handle promise rejection
unhandled-promise,src/utils/codeQualityRefactoringManager.ts,349,Async function call without await,Medium,Add await or handle promise rejection
unhandled-promise,src/utils/codeQualityRefactoringManager.ts,356,Async function call without await,Medium,Add await or handle promise rejection
unhandled-promise,src/utils/codeQualityRefactoringManager.ts,371,Async function call without await,Medium,Add await or handle promise rejection
unhandled-promise,src/utils/codeQualityRefactoringManager.ts,391,Async function call without await,Medium,Add await or handle promise rejection
unhandled-promise,src/utils/codeQualityRefactoringManager.ts,408,Async function call without await,Medium,Add await or handle promise rejection
unhandled-promise,src/utils/codeQualityRefactoringManager.ts,414,Async function call without await,Medium,Add await or handle promise rejection
unhandled-promise,src/utils/codeQualityRefactoringManager.ts,420,Async function call without await,Medium,Add await or handle promise rejection
unhandled-promise,src/utils/codeQualityRefactoringManager.ts,458,Async function call without await,Medium,Add await or handle promise rejection
unhandled-promise,src/utils/codeQualityRefactoringManager.ts,492,Async function call without await,Medium,Add await or handle promise rejection
unhandled-promise,src/utils/codeQualityRefactoringManager.ts,504,Async function call without await,Medium,Add await or handle promise rejection
unhandled-promise,src/utils/codeQualityRefactoringManager.ts,578,Async function call without await,Medium,Add await or handle promise rejection
unhandled-promise,src/utils/codeQualityRefactoringManager.ts,700,Async function call without await,Medium,Add await or handle promise rejection
unhandled-promise,src/utils/codeQualityRefactoringManager.ts,706,Async function call without await,Medium,Add await or handle promise rejection
unhandled-promise,src/utils/codeQualityRefactoringManager.ts,713,Async function call without await,Medium,Add await or handle promise rejection
unhandled-promise,src/utils/codeQualityRefactoringManager.ts,765,Async function call without await,Medium,Add await or handle promise rejection
unhandled-promise,src/utils/codeQualityRefactoringManager.ts,787,Async function call without await,Medium,Add await or handle promise rejection
unhandled-promise,src/utils/customerSuccessManager.ts,317,Async function call without await,Medium,Add await or handle promise rejection
unhandled-promise,src/utils/customerSuccessManager.ts,329,Async function call without await,Medium,Add await or handle promise rejection
unhandled-promise,src/utils/customerSuccessManager.ts,343,Async function call without await,Medium,Add await or handle promise rejection
unhandled-promise,src/utils/customerSuccessManager.ts,354,Async function call without await,Medium,Add await or handle promise rejection
unhandled-promise,src/utils/customerSuccessManager.ts,359,Async function call without await,Medium,Add await or handle promise rejection
unhandled-promise,src/utils/customerSuccessManager.ts,364,Async function call without await,Medium,Add await or handle promise rejection
unhandled-promise,src/utils/customerSuccessManager.ts,370,Async function call without await,Medium,Add await or handle promise rejection
unhandled-promise,src/utils/customerSuccessManager.ts,385,Async function call without await,Medium,Add await or handle promise rejection
unhandled-promise,src/utils/customerSuccessManager.ts,400,Async function call without await,Medium,Add await or handle promise rejection
unhandled-promise,src/utils/customerSuccessManager.ts,405,Async function call without await,Medium,Add await or handle promise rejection
unhandled-promise,src/utils/customerSuccessManager.ts,411,Async function call without await,Medium,Add await or handle promise rejection
unhandled-promise,src/utils/customerSuccessManager.ts,425,Async function call without await,Medium,Add await or handle promise rejection
unhandled-promise,src/utils/customerSuccessManager.ts,436,Async function call without await,Medium,Add await or handle promise rejection
unhandled-promise,src/utils/customerSuccessManager.ts,441,Async function call without await,Medium,Add await or handle promise rejection
unhandled-promise,src/utils/customerSuccessManager.ts,447,Async function call without await,Medium,Add await or handle promise rejection
unhandled-promise,src/utils/customerSuccessManager.ts,461,Async function call without await,Medium,Add await or handle promise rejection
unhandled-promise,src/utils/customerSuccessManager.ts,467,Async function call without await,Medium,Add await or handle promise rejection
unhandled-promise,src/utils/customerSuccessManager.ts,481,Async function call without await,Medium,Add await or handle promise rejection
unhandled-promise,src/utils/customerSuccessManager.ts,487,Async function call without await,Medium,Add await or handle promise rejection
unhandled-promise,src/utils/customerSuccessManager.ts,501,Async function call without await,Medium,Add await or handle promise rejection
unhandled-promise,src/utils/customerSuccessManager.ts,507,Async function call without await,Medium,Add await or handle promise rejection
unhandled-promise,src/utils/customerSuccessManager.ts,521,Async function call without await,Medium,Add await or handle promise rejection
unhandled-promise,src/utils/customerSuccessManager.ts,526,Async function call without await,Medium,Add await or handle promise rejection
unhandled-promise,src/utils/customerSuccessManager.ts,532,Async function call without await,Medium,Add await or handle promise rejection
unhandled-promise,src/utils/customerSuccessManager.ts,546,Async function call without await,Medium,Add await or handle promise rejection
unhandled-promise,src/utils/customerSuccessManager.ts,552,Async function call without await,Medium,Add await or handle promise rejection
unhandled-promise,src/utils/customerSuccessManager.ts,566,Async function call without await,Medium,Add await or handle promise rejection
unhandled-promise,src/utils/customerSuccessManager.ts,581,Async function call without await,Medium,Add await or handle promise rejection
unhandled-promise,src/utils/customerSuccessManager.ts,587,Async function call without await,Medium,Add await or handle promise rejection
unhandled-promise,src/utils/customerSuccessManager.ts,643,Async function call without await,Medium,Add await or handle promise rejection
unhandled-promise,src/utils/customerSuccessManager.ts,675,Async function call without await,Medium,Add await or handle promise rejection
unhandled-promise,src/utils/dataPersistenceLayer.ts,301,Async function call without await,Medium,Add await or handle promise rejection
unhandled-promise,src/utils/dataPersistenceLayer.ts,344,Async function call without await,Medium,Add await or handle promise rejection
unhandled-promise,src/utils/dataPersistenceLayer.ts,357,Async function call without await,Medium,Add await or handle promise rejection
unhandled-promise,src/utils/dataPersistenceLayer.ts,386,Async function call without await,Medium,Add await or handle promise rejection
unhandled-promise,src/utils/dataPersistenceLayer.ts,406,Async function call without await,Medium,Add await or handle promise rejection
unhandled-promise,src/utils/dataPersistenceLayer.ts,417,Async function call without await,Medium,Add await or handle promise rejection
unhandled-promise,src/utils/dataPersistenceLayer.ts,425,Async function call without await,Medium,Add await or handle promise rejection
unhandled-promise,src/utils/dataPersistenceLayer.ts,532,Async function call without await,Medium,Add await or handle promise rejection
unhandled-promise,src/utils/dataPersistenceLayer.ts,550,Async function call without await,Medium,Add await or handle promise rejection
unhandled-promise,src/utils/dataPersistenceLayer.ts,568,Async function call without await,Medium,Add await or handle promise rejection
unhandled-promise,src/utils/dataPersistenceLayer.ts,616,Async function call without await,Medium,Add await or handle promise rejection
unhandled-promise,src/utils/dataPersistenceLayer.ts,624,Async function call without await,Medium,Add await or handle promise rejection
unhandled-promise,src/utils/dataPersistenceLayer.ts,750,Async function call without await,Medium,Add await or handle promise rejection
unhandled-promise,src/utils/dataPersistenceLayer.ts,759,Async function call without await,Medium,Add await or handle promise rejection
unhandled-promise,src/utils/dataPersistenceLayer.ts,777,Async function call without await,Medium,Add await or handle promise rejection
unhandled-promise,src/utils/dataPersistenceLayer.ts,799,Async function call without await,Medium,Add await or handle promise rejection
unhandled-promise,src/utils/desktopApplicationManager.ts,382,Async function call without await,Medium,Add await or handle promise rejection
unhandled-promise,src/utils/desktopApplicationManager.ts,415,Async function call without await,Medium,Add await or handle promise rejection
unhandled-promise,src/utils/desktopApplicationManager.ts,430,Async function call without await,Medium,Add await or handle promise rejection
unhandled-promise,src/utils/documentationDeploymentManager.ts,211,Async function call without await,Medium,Add await or handle promise rejection
unhandled-promise,src/utils/documentationDeploymentManager.ts,258,Async function call without await,Medium,Add await or handle promise rejection
unhandled-promise,src/utils/documentationDeploymentManager.ts,289,Async function call without await,Medium,Add await or handle promise rejection
unhandled-promise,src/utils/documentationDeploymentManager.ts,313,Async function call without await,Medium,Add await or handle promise rejection
unhandled-promise,src/utils/documentationDeploymentManager.ts,329,Async function call without await,Medium,Add await or handle promise rejection
unhandled-promise,src/utils/documentationDeploymentManager.ts,334,Async function call without await,Medium,Add await or handle promise rejection
unhandled-promise,src/utils/documentationDeploymentManager.ts,370,Async function call without await,Medium,Add await or handle promise rejection
unhandled-promise,src/utils/documentationDeploymentManager.ts,380,Async function call without await,Medium,Add await or handle promise rejection
unhandled-promise,src/utils/documentationDeploymentManager.ts,394,Async function call without await,Medium,Add await or handle promise rejection
unhandled-promise,src/utils/documentationDeploymentManager.ts,425,Async function call without await,Medium,Add await or handle promise rejection
unhandled-promise,src/utils/documentationDeploymentManager.ts,430,Async function call without await,Medium,Add await or handle promise rejection
unhandled-promise,src/utils/documentationDeploymentManager.ts,446,Async function call without await,Medium,Add await or handle promise rejection
unhandled-promise,src/utils/documentationDeploymentManager.ts,474,Async function call without await,Medium,Add await or handle promise rejection
unhandled-promise,src/utils/documentationDeploymentManager.ts,560,Async function call without await,Medium,Add await or handle promise rejection
unhandled-promise,src/utils/documentationDeploymentManager.ts,577,Async function call without await,Medium,Add await or handle promise rejection
unhandled-promise,src/utils/documentationDeploymentManager.ts,627,Async function call without await,Medium,Add await or handle promise rejection
unhandled-promise,src/utils/documentationDeploymentManager.ts,643,Async function call without await,Medium,Add await or handle promise rejection
unhandled-promise,src/utils/documentationDeploymentManager.ts,661,Async function call without await,Medium,Add await or handle promise rejection
unhandled-promise,src/utils/documentationDeploymentManager.ts,667,Async function call without await,Medium,Add await or handle promise rejection
unhandled-promise,src/utils/documentationDeploymentManager.ts,673,Async function call without await,Medium,Add await or handle promise rejection
unhandled-promise,src/utils/documentationDeploymentManager.ts,712,Async function call without await,Medium,Add await or handle promise rejection
unhandled-promise,src/utils/documentationDeploymentManager.ts,877,Async function call without await,Medium,Add await or handle promise rejection
unhandled-promise,src/utils/documentationDeploymentManager.ts,888,Async function call without await,Medium,Add await or handle promise rejection
unhandled-promise,src/utils/documentationDeploymentManager.ts,911,Async function call without await,Medium,Add await or handle promise rejection
unhandled-promise,src/utils/documentationDeploymentManager.ts,946,Async function call without await,Medium,Add await or handle promise rejection
unhandled-promise,src/utils/documentationDeploymentManager.ts,989,Async function call without await,Medium,Add await or handle promise rejection
unhandled-promise,src/utils/documentationDeploymentManager.ts,1009,Async function call without await,Medium,Add await or handle promise rejection
unhandled-promise,src/utils/enterpriseAdminDashboardManager.ts,274,Async function call without await,Medium,Add await or handle promise rejection
unhandled-promise,src/utils/enterpriseAdminDashboardManager.ts,286,Async function call without await,Medium,Add await or handle promise rejection
unhandled-promise,src/utils/enterpriseAdminDashboardManager.ts,417,Async function call without await,Medium,Add await or handle promise rejection
unhandled-promise,src/utils/enterpriseAdminDashboardManager.ts,452,Async function call without await,Medium,Add await or handle promise rejection
unhandled-promise,src/utils/enterpriseAdminDashboardManager.ts,475,Async function call without await,Medium,Add await or handle promise rejection
unhandled-promise,src/utils/enterpriseAdminDashboardManager.ts,493,Async function call without await,Medium,Add await or handle promise rejection
unhandled-promise,src/utils/enterpriseAdminDashboardManager.ts,498,Async function call without await,Medium,Add await or handle promise rejection
unhandled-promise,src/utils/enterpriseAdminDashboardManager.ts,503,Async function call without await,Medium,Add await or handle promise rejection
unhandled-promise,src/utils/enterpriseAdminDashboardManager.ts,508,Async function call without await,Medium,Add await or handle promise rejection
unhandled-promise,src/utils/enterpriseAdminDashboardManager.ts,514,Async function call without await,Medium,Add await or handle promise rejection
unhandled-promise,src/utils/enterpriseAdminDashboardManager.ts,519,Async function call without await,Medium,Add await or handle promise rejection
unhandled-promise,src/utils/enterpriseAdminDashboardManager.ts,530,Async function call without await,Medium,Add await or handle promise rejection
unhandled-promise,src/utils/enterpriseAdminDashboardManager.ts,535,Async function call without await,Medium,Add await or handle promise rejection
unhandled-promise,src/utils/enterpriseAdminDashboardManager.ts,546,Async function call without await,Medium,Add await or handle promise rejection
unhandled-promise,src/utils/enterpriseAdminDashboardManager.ts,570,Async function call without await,Medium,Add await or handle promise rejection
unhandled-promise,src/utils/enterpriseAdminDashboardManager.ts,581,Async function call without await,Medium,Add await or handle promise rejection
unhandled-promise,src/utils/enterpriseAdminDashboardManager.ts,600,Async function call without await,Medium,Add await or handle promise rejection
unhandled-promise,src/utils/enterpriseAdminDashboardManager.ts,611,Async function call without await,Medium,Add await or handle promise rejection
unhandled-promise,src/utils/enterpriseAdminDashboardManager.ts,617,Async function call without await,Medium,Add await or handle promise rejection
unhandled-promise,src/utils/enterpriseAdminDashboardManager.ts,637,Async function call without await,Medium,Add await or handle promise rejection
unhandled-promise,src/utils/enterpriseAdminDashboardManager.ts,643,Async function call without await,Medium,Add await or handle promise rejection
unhandled-promise,src/utils/enterpriseAdminDashboardManager.ts,661,Async function call without await,Medium,Add await or handle promise rejection
unhandled-promise,src/utils/enterpriseAdminDashboardManager.ts,675,Async function call without await,Medium,Add await or handle promise rejection
unhandled-promise,src/utils/enterpriseAdminDashboardManager.ts,681,Async function call without await,Medium,Add await or handle promise rejection
unhandled-promise,src/utils/enterpriseAdminDashboardManager.ts,695,Async function call without await,Medium,Add await or handle promise rejection
unhandled-promise,src/utils/enterpriseAdminDashboardManager.ts,701,Async function call without await,Medium,Add await or handle promise rejection
unhandled-promise,src/utils/enterpriseAdminDashboardManager.ts,749,Async function call without await,Medium,Add await or handle promise rejection
unhandled-promise,src/utils/enterpriseAdminDashboardManager.ts,773,Async function call without await,Medium,Add await or handle promise rejection
unhandled-promise,src/utils/enterpriseComplianceGovernanceManager.ts,348,Async function call without await,Medium,Add await or handle promise rejection
unhandled-fetch,src/utils/enterpriseFeatures.ts,245,Fetch call without error handling,Medium,Add try/catch or .catch() handler
unhandled-promise,src/utils/enterpriseIntegrationHubManager.ts,223,Async function call without await,Medium,Add await or handle promise rejection
unhandled-promise,src/utils/enterpriseIntegrationHubManager.ts,235,Async function call without await,Medium,Add await or handle promise rejection
unhandled-promise,src/utils/enterpriseIntegrationHubManager.ts,262,Async function call without await,Medium,Add await or handle promise rejection
unhandled-promise,src/utils/enterpriseIntegrationHubManager.ts,273,Async function call without await,Medium,Add await or handle promise rejection
unhandled-promise,src/utils/enterpriseIntegrationHubManager.ts,289,Async function call without await,Medium,Add await or handle promise rejection
unhandled-promise,src/utils/enterpriseIntegrationHubManager.ts,294,Async function call without await,Medium,Add await or handle promise rejection
unhandled-promise,src/utils/enterpriseIntegrationHubManager.ts,299,Async function call without await,Medium,Add await or handle promise rejection
unhandled-promise,src/utils/enterpriseIntegrationHubManager.ts,304,Async function call without await,Medium,Add await or handle promise rejection
unhandled-promise,src/utils/enterpriseIntegrationHubManager.ts,310,Async function call without await,Medium,Add await or handle promise rejection
unhandled-promise,src/utils/enterpriseIntegrationHubManager.ts,323,Async function call without await,Medium,Add await or handle promise rejection
unhandled-promise,src/utils/enterpriseIntegrationHubManager.ts,328,Async function call without await,Medium,Add await or handle promise rejection
unhandled-promise,src/utils/enterpriseIntegrationHubManager.ts,333,Async function call without await,Medium,Add await or handle promise rejection
unhandled-promise,src/utils/enterpriseIntegrationHubManager.ts,406,Async function call without await,Medium,Add await or handle promise rejection
unhandled-promise,src/utils/enterpriseIntegrationHubManager.ts,460,Async function call without await,Medium,Add await or handle promise rejection
unhandled-promise,src/utils/enterpriseIntegrationHubManager.ts,465,Async function call without await,Medium,Add await or handle promise rejection
unhandled-promise,src/utils/enterpriseIntegrationHubManager.ts,470,Async function call without await,Medium,Add await or handle promise rejection
unhandled-promise,src/utils/enterpriseIntegrationHubManager.ts,476,Async function call without await,Medium,Add await or handle promise rejection
unhandled-promise,src/utils/enterpriseIntegrationHubManager.ts,492,Async function call without await,Medium,Add await or handle promise rejection
unhandled-promise,src/utils/enterpriseIntegrationHubManager.ts,516,Async function call without await,Medium,Add await or handle promise rejection
unhandled-promise,src/utils/enterpriseIntegrationHubManager.ts,521,Async function call without await,Medium,Add await or handle promise rejection
unhandled-promise,src/utils/enterpriseIntegrationHubManager.ts,527,Async function call without await,Medium,Add await or handle promise rejection
unhandled-promise,src/utils/enterpriseIntegrationHubManager.ts,559,Async function call without await,Medium,Add await or handle promise rejection
unhandled-promise,src/utils/enterpriseIntegrationHubManager.ts,574,Async function call without await,Medium,Add await or handle promise rejection
unhandled-promise,src/utils/enterpriseIntegrationHubManager.ts,602,Async function call without await,Medium,Add await or handle promise rejection
unhandled-promise,src/utils/enterpriseIntegrationHubManager.ts,658,Async function call without await,Medium,Add await or handle promise rejection
unhandled-promise,src/utils/enterpriseIntegrationHubManager.ts,745,Async function call without await,Medium,Add await or handle promise rejection
unhandled-promise,src/utils/enterpriseIntegrationHubManager.ts,765,Async function call without await,Medium,Add await or handle promise rejection
unhandled-promise,src/utils/enterpriseIntegrationManager.ts,215,Async function call without await,Medium,Add await or handle promise rejection
unhandled-promise,src/utils/enterpriseIntegrationManager.ts,253,Async function call without await,Medium,Add await or handle promise rejection
unhandled-promise,src/utils/enterpriseIntegrationManager.ts,291,Async function call without await,Medium,Add await or handle promise rejection
unhandled-promise,src/utils/enterpriseIntegrationManager.ts,313,Async function call without await,Medium,Add await or handle promise rejection
unhandled-promise,src/utils/enterpriseIntegrationManager.ts,323,Async function call without await,Medium,Add await or handle promise rejection
unhandled-promise,src/utils/enterpriseIntegrationManager.ts,328,Async function call without await,Medium,Add await or handle promise rejection
unhandled-promise,src/utils/enterpriseIntegrationManager.ts,366,Async function call without await,Medium,Add await or handle promise rejection
unhandled-promise,src/utils/enterpriseIntegrationManager.ts,398,Async function call without await,Medium,Add await or handle promise rejection
unhandled-promise,src/utils/enterpriseIntegrationManager.ts,414,Async function call without await,Medium,Add await or handle promise rejection
unhandled-promise,src/utils/enterpriseIntegrationManager.ts,430,Async function call without await,Medium,Add await or handle promise rejection
unhandled-promise,src/utils/enterpriseIntegrationManager.ts,435,Async function call without await,Medium,Add await or handle promise rejection
unhandled-promise,src/utils/enterpriseIntegrationManager.ts,470,Async function call without await,Medium,Add await or handle promise rejection
unhandled-promise,src/utils/enterpriseIntegrationManager.ts,517,Async function call without await,Medium,Add await or handle promise rejection
unhandled-promise,src/utils/enterpriseIntegrationManager.ts,533,Async function call without await,Medium,Add await or handle promise rejection
unhandled-promise,src/utils/enterpriseIntegrationManager.ts,549,Async function call without await,Medium,Add await or handle promise rejection
unhandled-promise,src/utils/enterpriseIntegrationManager.ts,559,Async function call without await,Medium,Add await or handle promise rejection
unhandled-promise,src/utils/enterpriseIntegrationManager.ts,565,Async function call without await,Medium,Add await or handle promise rejection
unhandled-promise,src/utils/enterpriseIntegrationManager.ts,571,Async function call without await,Medium,Add await or handle promise rejection
unhandled-promise,src/utils/enterpriseIntegrationManager.ts,670,Async function call without await,Medium,Add await or handle promise rejection
unhandled-promise,src/utils/enterpriseIntegrationManager.ts,703,Async function call without await,Medium,Add await or handle promise rejection
unhandled-promise,src/utils/enterpriseIntegrationManager.ts,710,Async function call without await,Medium,Add await or handle promise rejection
unhandled-promise,src/utils/enterpriseIntegrationManager.ts,757,Async function call without await,Medium,Add await or handle promise rejection
unhandled-promise,src/utils/enterpriseIntegrationManager.ts,777,Async function call without await,Medium,Add await or handle promise rejection
unhandled-promise,src/utils/enterpriseSSOSystemManager.ts,210,Async function call without await,Medium,Add await or handle promise rejection
unhandled-promise,src/utils/enterpriseSSOSystemManager.ts,248,Async function call without await,Medium,Add await or handle promise rejection
unhandled-promise,src/utils/enterpriseSSOSystemManager.ts,283,Async function call without await,Medium,Add await or handle promise rejection
unhandled-promise,src/utils/enterpriseSSOSystemManager.ts,302,Async function call without await,Medium,Add await or handle promise rejection
unhandled-promise,src/utils/enterpriseSSOSystemManager.ts,307,Async function call without await,Medium,Add await or handle promise rejection
unhandled-promise,src/utils/enterpriseSSOSystemManager.ts,312,Async function call without await,Medium,Add await or handle promise rejection
unhandled-promise,src/utils/enterpriseSSOSystemManager.ts,335,Async function call without await,Medium,Add await or handle promise rejection
unhandled-promise,src/utils/enterpriseSSOSystemManager.ts,353,Async function call without await,Medium,Add await or handle promise rejection
unhandled-promise,src/utils/enterpriseSSOSystemManager.ts,396,Async function call without await,Medium,Add await or handle promise rejection
unhandled-promise,src/utils/enterpriseSSOSystemManager.ts,402,Async function call without await,Medium,Add await or handle promise rejection
unhandled-promise,src/utils/enterpriseSSOSystemManager.ts,413,Async function call without await,Medium,Add await or handle promise rejection
unhandled-promise,src/utils/enterpriseSSOSystemManager.ts,419,Async function call without await,Medium,Add await or handle promise rejection
unhandled-promise,src/utils/enterpriseSSOSystemManager.ts,442,Async function call without await,Medium,Add await or handle promise rejection
unhandled-promise,src/utils/enterpriseSSOSystemManager.ts,476,Async function call without await,Medium,Add await or handle promise rejection
unhandled-promise,src/utils/enterpriseSSOSystemManager.ts,491,Async function call without await,Medium,Add await or handle promise rejection
unhandled-promise,src/utils/enterpriseSSOSystemManager.ts,502,Async function call without await,Medium,Add await or handle promise rejection
unhandled-promise,src/utils/enterpriseSSOSystemManager.ts,512,Async function call without await,Medium,Add await or handle promise rejection
unhandled-promise,src/utils/enterpriseSSOSystemManager.ts,535,Async function call without await,Medium,Add await or handle promise rejection
unhandled-promise,src/utils/enterpriseSSOSystemManager.ts,550,Async function call without await,Medium,Add await or handle promise rejection
unhandled-promise,src/utils/enterpriseSSOSystemManager.ts,566,Async function call without await,Medium,Add await or handle promise rejection
unhandled-promise,src/utils/enterpriseSSOSystemManager.ts,571,Async function call without await,Medium,Add await or handle promise rejection
unhandled-promise,src/utils/enterpriseSSOSystemManager.ts,643,Async function call without await,Medium,Add await or handle promise rejection
unhandled-promise,src/utils/enterpriseSSOSystemManager.ts,673,Async function call without await,Medium,Add await or handle promise rejection
unhandled-promise,src/utils/enterpriseSSOSystemManager.ts,691,Async function call without await,Medium,Add await or handle promise rejection
unhandled-promise,src/utils/enterpriseSSOSystemManager.ts,711,Async function call without await,Medium,Add await or handle promise rejection
unhandled-promise,src/utils/enterpriseSSOSystemManager.ts,717,Async function call without await,Medium,Add await or handle promise rejection
unhandled-promise,src/utils/enterpriseSSOSystemManager.ts,815,Async function call without await,Medium,Add await or handle promise rejection
unhandled-promise,src/utils/enterpriseSSOSystemManager.ts,854,Async function call without await,Medium,Add await or handle promise rejection
unhandled-promise,src/utils/enterpriseSSOSystemManager.ts,920,Async function call without await,Medium,Add await or handle promise rejection
unhandled-promise,src/utils/enterpriseSSOSystemManager.ts,940,Async function call without await,Medium,Add await or handle promise rejection
unhandled-promise,src/utils/enterpriseSalesAccelerationManager.ts,140,Async function call without await,Medium,Add await or handle promise rejection
unhandled-promise,src/utils/enterpriseSalesAccelerationManager.ts,152,Async function call without await,Medium,Add await or handle promise rejection
unhandled-promise,src/utils/enterpriseSalesAccelerationManager.ts,168,Async function call without await,Medium,Add await or handle promise rejection
unhandled-promise,src/utils/enterpriseSalesAccelerationManager.ts,183,Async function call without await,Medium,Add await or handle promise rejection
unhandled-promise,src/utils/enterpriseSalesAccelerationManager.ts,197,Async function call without await,Medium,Add await or handle promise rejection
unhandled-promise,src/utils/enterpriseSalesAccelerationManager.ts,202,Async function call without await,Medium,Add await or handle promise rejection
unhandled-promise,src/utils/enterpriseSalesAccelerationManager.ts,207,Async function call without await,Medium,Add await or handle promise rejection
unhandled-promise,src/utils/enterpriseSalesAccelerationManager.ts,214,Async function call without await,Medium,Add await or handle promise rejection
unhandled-promise,src/utils/enterpriseSalesAccelerationManager.ts,222,Async function call without await,Medium,Add await or handle promise rejection
unhandled-promise,src/utils/enterpriseSalesAccelerationManager.ts,236,Async function call without await,Medium,Add await or handle promise rejection
unhandled-promise,src/utils/enterpriseSalesAccelerationManager.ts,254,Async function call without await,Medium,Add await or handle promise rejection
unhandled-promise,src/utils/enterpriseSalesAccelerationManager.ts,259,Async function call without await,Medium,Add await or handle promise rejection
unhandled-promise,src/utils/enterpriseSalesAccelerationManager.ts,264,Async function call without await,Medium,Add await or handle promise rejection
unhandled-promise,src/utils/enterpriseSalesAccelerationManager.ts,270,Async function call without await,Medium,Add await or handle promise rejection
unhandled-promise,src/utils/enterpriseSalesAccelerationManager.ts,284,Async function call without await,Medium,Add await or handle promise rejection
unhandled-promise,src/utils/enterpriseSalesAccelerationManager.ts,295,Async function call without await,Medium,Add await or handle promise rejection
unhandled-promise,src/utils/enterpriseSalesAccelerationManager.ts,317,Async function call without await,Medium,Add await or handle promise rejection
unhandled-promise,src/utils/enterpriseSalesAccelerationManager.ts,360,Async function call without await,Medium,Add await or handle promise rejection
unhandled-promise,src/utils/enterpriseSalesAccelerationManager.ts,366,Async function call without await,Medium,Add await or handle promise rejection
unhandled-promise,src/utils/enterpriseSalesAccelerationManager.ts,380,Async function call without await,Medium,Add await or handle promise rejection
unhandled-promise,src/utils/enterpriseSalesAccelerationManager.ts,391,Async function call without await,Medium,Add await or handle promise rejection
unhandled-promise,src/utils/enterpriseSalesAccelerationManager.ts,408,Async function call without await,Medium,Add await or handle promise rejection
unhandled-promise,src/utils/enterpriseSalesAccelerationManager.ts,413,Async function call without await,Medium,Add await or handle promise rejection
unhandled-promise,src/utils/enterpriseSalesAccelerationManager.ts,418,Async function call without await,Medium,Add await or handle promise rejection
unhandled-promise,src/utils/enterpriseSalesAccelerationManager.ts,424,Async function call without await,Medium,Add await or handle promise rejection
unhandled-promise,src/utils/enterpriseSalesAccelerationManager.ts,438,Async function call without await,Medium,Add await or handle promise rejection
unhandled-promise,src/utils/enterpriseSalesAccelerationManager.ts,449,Async function call without await,Medium,Add await or handle promise rejection
unhandled-promise,src/utils/enterpriseSalesAccelerationManager.ts,454,Async function call without await,Medium,Add await or handle promise rejection
unhandled-promise,src/utils/enterpriseSalesAccelerationManager.ts,460,Async function call without await,Medium,Add await or handle promise rejection
unhandled-promise,src/utils/enterpriseSalesAccelerationManager.ts,474,Async function call without await,Medium,Add await or handle promise rejection
unhandled-promise,src/utils/enterpriseSalesAccelerationManager.ts,485,Async function call without await,Medium,Add await or handle promise rejection
unhandled-promise,src/utils/enterpriseSalesAccelerationManager.ts,491,Async function call without await,Medium,Add await or handle promise rejection
unhandled-promise,src/utils/enterpriseSalesAccelerationManager.ts,536,Async function call without await,Medium,Add await or handle promise rejection
unhandled-promise,src/utils/enterpriseSalesAccelerationManager.ts,545,Async function call without await,Medium,Add await or handle promise rejection
unhandled-promise,src/utils/enterpriseSalesAccelerationManager.ts,575,Async function call without await,Medium,Add await or handle promise rejection
unhandled-promise,src/utils/enterpriseSalesAccelerationManager.ts,608,Async function call without await,Medium,Add await or handle promise rejection
unhandled-promise,src/utils/enterpriseSalesAccelerationManager.ts,630,Async function call without await,Medium,Add await or handle promise rejection
unhandled-promise,src/utils/enterpriseSalesAccelerationManager.ts,650,Async function call without await,Medium,Add await or handle promise rejection
unhandled-promise,src/utils/enterpriseSalesAccelerationManager.ts,674,Async function call without await,Medium,Add await or handle promise rejection
unhandled-promise,src/utils/enterpriseSalesAccelerationManager.ts,694,Async function call without await,Medium,Add await or handle promise rejection
unhandled-promise,src/utils/enterpriseSecurityManager.ts,394,Async function call without await,Medium,Add await or handle promise rejection
unhandled-promise,src/utils/enterpriseSecurityManager.ts,406,Async function call without await,Medium,Add await or handle promise rejection
unhandled-promise,src/utils/enterpriseSecurityManager.ts,419,Async function call without await,Medium,Add await or handle promise rejection
unhandled-promise,src/utils/enterpriseSecurityManager.ts,430,Async function call without await,Medium,Add await or handle promise rejection
unhandled-promise,src/utils/enterpriseSecurityManager.ts,435,Async function call without await,Medium,Add await or handle promise rejection
unhandled-promise,src/utils/enterpriseSecurityManager.ts,441,Async function call without await,Medium,Add await or handle promise rejection
unhandled-promise,src/utils/enterpriseSecurityManager.ts,455,Async function call without await,Medium,Add await or handle promise rejection
unhandled-promise,src/utils/enterpriseSecurityManager.ts,460,Async function call without await,Medium,Add await or handle promise rejection
unhandled-promise,src/utils/enterpriseSecurityManager.ts,466,Async function call without await,Medium,Add await or handle promise rejection
unhandled-promise,src/utils/enterpriseSecurityManager.ts,481,Async function call without await,Medium,Add await or handle promise rejection
unhandled-promise,src/utils/enterpriseSecurityManager.ts,496,Async function call without await,Medium,Add await or handle promise rejection
unhandled-promise,src/utils/enterpriseSecurityManager.ts,502,Async function call without await,Medium,Add await or handle promise rejection
unhandled-promise,src/utils/enterpriseSecurityManager.ts,515,Async function call without await,Medium,Add await or handle promise rejection
unhandled-promise,src/utils/enterpriseSecurityManager.ts,521,Async function call without await,Medium,Add await or handle promise rejection
unhandled-promise,src/utils/enterpriseSecurityManager.ts,534,Async function call without await,Medium,Add await or handle promise rejection
unhandled-promise,src/utils/enterpriseSecurityManager.ts,540,Async function call without await,Medium,Add await or handle promise rejection
unhandled-promise,src/utils/enterpriseSecurityManager.ts,554,Async function call without await,Medium,Add await or handle promise rejection
unhandled-promise,src/utils/enterpriseSecurityManager.ts,559,Async function call without await,Medium,Add await or handle promise rejection
unhandled-promise,src/utils/enterpriseSecurityManager.ts,565,Async function call without await,Medium,Add await or handle promise rejection
unhandled-promise,src/utils/enterpriseSecurityManager.ts,579,Async function call without await,Medium,Add await or handle promise rejection
unhandled-promise,src/utils/enterpriseSecurityManager.ts,585,Async function call without await,Medium,Add await or handle promise rejection
unhandled-promise,src/utils/enterpriseSecurityManager.ts,598,Async function call without await,Medium,Add await or handle promise rejection
unhandled-promise,src/utils/enterpriseSecurityManager.ts,603,Async function call without await,Medium,Add await or handle promise rejection
unhandled-promise,src/utils/enterpriseSecurityManager.ts,609,Async function call without await,Medium,Add await or handle promise rejection
unhandled-promise,src/utils/enterpriseSecurityManager.ts,622,Async function call without await,Medium,Add await or handle promise rejection
unhandled-promise,src/utils/enterpriseSecurityManager.ts,628,Async function call without await,Medium,Add await or handle promise rejection
unhandled-promise,src/utils/enterpriseSecurityManager.ts,695,Async function call without await,Medium,Add await or handle promise rejection
unhandled-promise,src/utils/enterpriseSecurityManager.ts,733,Async function call without await,Medium,Add await or handle promise rejection
unhandled-promise,src/utils/enterpriseSystemIntegrationsManager.ts,421,Async function call without await,Medium,Add await or handle promise rejection
unhandled-promise,src/utils/enterpriseSystemIntegrationsManager.ts,454,Async function call without await,Medium,Add await or handle promise rejection
unhandled-promise,src/utils/enterpriseSystemIntegrationsManager.ts,498,Async function call without await,Medium,Add await or handle promise rejection
unhandled-promise,src/utils/enterpriseSystemIntegrationsManager.ts,547,Async function call without await,Medium,Add await or handle promise rejection
unhandled-promise,src/utils/enterpriseSystemIntegrationsManager.ts,561,Async function call without await,Medium,Add await or handle promise rejection
unhandled-promise,src/utils/enterpriseSystemIntegrationsManager.ts,571,Async function call without await,Medium,Add await or handle promise rejection
unhandled-promise,src/utils/eventBus.ts,66,Async function call without await,Medium,Add await or handle promise rejection
unhandled-promise,src/utils/eventBus.ts,122,Async function call without await,Medium,Add await or handle promise rejection
unhandled-promise,src/utils/eventBus.ts,232,Async function call without await,Medium,Add await or handle promise rejection
unhandled-promise,src/utils/eventBus.ts,254,Async function call without await,Medium,Add await or handle promise rejection
unhandled-promise,src/utils/eventBus.ts,318,Async function call without await,Medium,Add await or handle promise rejection
unhandled-promise,src/utils/globalConfig.ts,504,Async function call without await,Medium,Add await or handle promise rejection
unhandled-promise,src/utils/globalConfig.ts,512,Async function call without await,Medium,Add await or handle promise rejection
unhandled-promise,src/utils/globalConfig.ts,609,Async function call without await,Medium,Add await or handle promise rejection
unhandled-promise,src/utils/globalConfig.ts,635,Async function call without await,Medium,Add await or handle promise rejection
unhandled-fetch,src/utils/globalConfig.ts,637,Fetch call without error handling,Medium,Add try/catch or .catch() handler
unhandled-promise,src/utils/globalConfig.ts,656,Async function call without await,Medium,Add await or handle promise rejection
unhandled-promise,src/utils/globalStateManager.ts,107,Async function call without await,Medium,Add await or handle promise rejection
unhandled-promise,src/utils/globalStateManager.ts,116,Async function call without await,Medium,Add await or handle promise rejection
unhandled-promise,src/utils/globalStateManager.ts,233,Async function call without await,Medium,Add await or handle promise rejection
unhandled-promise,src/utils/globalStateManager.ts,309,Async function call without await,Medium,Add await or handle promise rejection
unhandled-promise,src/utils/globalStateManager.ts,356,Async function call without await,Medium,Add await or handle promise rejection
unhandled-promise,src/utils/globalStateManager.ts,448,Async function call without await,Medium,Add await or handle promise rejection
unhandled-promise,src/utils/globalStateManager.ts,460,Async function call without await,Medium,Add await or handle promise rejection
unhandled-promise,src/utils/globalStateManager.ts,506,Async function call without await,Medium,Add await or handle promise rejection
unhandled-promise,src/utils/globalStateManager.ts,624,Async function call without await,Medium,Add await or handle promise rejection
unhandled-promise,src/utils/globalStateManager.ts,635,Async function call without await,Medium,Add await or handle promise rejection
unhandled-promise,src/utils/globalStateManager.ts,643,Async function call without await,Medium,Add await or handle promise rejection
unhandled-promise,src/utils/globalStateManager.ts,656,Async function call without await,Medium,Add await or handle promise rejection
unhandled-promise,src/utils/internationalizationManager.ts,444,Async function call without await,Medium,Add await or handle promise rejection
unhandled-promise,src/utils/internationalizationManager.ts,491,Async function call without await,Medium,Add await or handle promise rejection
unhandled-promise,src/utils/launchExecutionMarketEntryManager.ts,123,Async function call without await,Medium,Add await or handle promise rejection
unhandled-promise,src/utils/launchExecutionMarketEntryManager.ts,135,Async function call without await,Medium,Add await or handle promise rejection
unhandled-promise,src/utils/launchExecutionMarketEntryManager.ts,162,Async function call without await,Medium,Add await or handle promise rejection
unhandled-promise,src/utils/launchExecutionMarketEntryManager.ts,173,Async function call without await,Medium,Add await or handle promise rejection
unhandled-promise,src/utils/launchExecutionMarketEntryManager.ts,200,Async function call without await,Medium,Add await or handle promise rejection
unhandled-promise,src/utils/launchExecutionMarketEntryManager.ts,223,Async function call without await,Medium,Add await or handle promise rejection
unhandled-promise,src/utils/launchExecutionMarketEntryManager.ts,228,Async function call without await,Medium,Add await or handle promise rejection
unhandled-promise,src/utils/launchExecutionMarketEntryManager.ts,233,Async function call without await,Medium,Add await or handle promise rejection
unhandled-promise,src/utils/launchExecutionMarketEntryManager.ts,239,Async function call without await,Medium,Add await or handle promise rejection
unhandled-promise,src/utils/launchExecutionMarketEntryManager.ts,253,Async function call without await,Medium,Add await or handle promise rejection
unhandled-promise,src/utils/launchExecutionMarketEntryManager.ts,264,Async function call without await,Medium,Add await or handle promise rejection
unhandled-promise,src/utils/launchExecutionMarketEntryManager.ts,276,Async function call without await,Medium,Add await or handle promise rejection
unhandled-promise,src/utils/launchExecutionMarketEntryManager.ts,281,Async function call without await,Medium,Add await or handle promise rejection
unhandled-promise,src/utils/launchExecutionMarketEntryManager.ts,286,Async function call without await,Medium,Add await or handle promise rejection
unhandled-promise,src/utils/launchExecutionMarketEntryManager.ts,299,Async function call without await,Medium,Add await or handle promise rejection
unhandled-promise,src/utils/launchExecutionMarketEntryManager.ts,313,Async function call without await,Medium,Add await or handle promise rejection
unhandled-promise,src/utils/launchExecutionMarketEntryManager.ts,324,Async function call without await,Medium,Add await or handle promise rejection
unhandled-promise,src/utils/launchExecutionMarketEntryManager.ts,329,Async function call without await,Medium,Add await or handle promise rejection
unhandled-promise,src/utils/launchExecutionMarketEntryManager.ts,334,Async function call without await,Medium,Add await or handle promise rejection
unhandled-promise,src/utils/launchExecutionMarketEntryManager.ts,342,Async function call without await,Medium,Add await or handle promise rejection
unhandled-promise,src/utils/launchExecutionMarketEntryManager.ts,356,Async function call without await,Medium,Add await or handle promise rejection
unhandled-promise,src/utils/launchExecutionMarketEntryManager.ts,367,Async function call without await,Medium,Add await or handle promise rejection
unhandled-promise,src/utils/launchExecutionMarketEntryManager.ts,372,Async function call without await,Medium,Add await or handle promise rejection
unhandled-promise,src/utils/launchExecutionMarketEntryManager.ts,377,Async function call without await,Medium,Add await or handle promise rejection
unhandled-promise,src/utils/launchExecutionMarketEntryManager.ts,383,Async function call without await,Medium,Add await or handle promise rejection
unhandled-promise,src/utils/launchExecutionMarketEntryManager.ts,397,Async function call without await,Medium,Add await or handle promise rejection
unhandled-promise,src/utils/launchExecutionMarketEntryManager.ts,408,Async function call without await,Medium,Add await or handle promise rejection
unhandled-promise,src/utils/launchExecutionMarketEntryManager.ts,419,Async function call without await,Medium,Add await or handle promise rejection
unhandled-promise,src/utils/launchExecutionMarketEntryManager.ts,424,Async function call without await,Medium,Add await or handle promise rejection
unhandled-promise,src/utils/launchExecutionMarketEntryManager.ts,429,Async function call without await,Medium,Add await or handle promise rejection
unhandled-promise,src/utils/launchExecutionMarketEntryManager.ts,437,Async function call without await,Medium,Add await or handle promise rejection
unhandled-promise,src/utils/launchExecutionMarketEntryManager.ts,474,Async function call without await,Medium,Add await or handle promise rejection
unhandled-promise,src/utils/launchExecutionMarketEntryManager.ts,501,Async function call without await,Medium,Add await or handle promise rejection
unhandled-promise,src/utils/launchExecutionMarketEntryManager.ts,510,Async function call without await,Medium,Add await or handle promise rejection
unhandled-promise,src/utils/launchExecutionMarketEntryManager.ts,546,Async function call without await,Medium,Add await or handle promise rejection
unhandled-promise,src/utils/launchExecutionMarketEntryManager.ts,576,Async function call without await,Medium,Add await or handle promise rejection
unhandled-promise,src/utils/launchExecutionMarketEntryManager.ts,596,Async function call without await,Medium,Add await or handle promise rejection
unhandled-promise,src/utils/launchExecutionMarketEntryManager.ts,615,Async function call without await,Medium,Add await or handle promise rejection
unhandled-promise,src/utils/launchExecutionMarketEntryManager.ts,637,Async function call without await,Medium,Add await or handle promise rejection
unhandled-promise,src/utils/launchExecutionMarketEntryManager.ts,655,Async function call without await,Medium,Add await or handle promise rejection
unhandled-promise,src/utils/localizationManager.ts,303,Async function call without await,Medium,Add await or handle promise rejection
unhandled-promise,src/utils/localizationManager.ts,315,Async function call without await,Medium,Add await or handle promise rejection
unhandled-promise,src/utils/localizationManager.ts,328,Async function call without await,Medium,Add await or handle promise rejection
unhandled-promise,src/utils/localizationManager.ts,339,Async function call without await,Medium,Add await or handle promise rejection
unhandled-promise,src/utils/localizationManager.ts,344,Async function call without await,Medium,Add await or handle promise rejection
unhandled-promise,src/utils/localizationManager.ts,350,Async function call without await,Medium,Add await or handle promise rejection
unhandled-promise,src/utils/localizationManager.ts,364,Async function call without await,Medium,Add await or handle promise rejection
unhandled-promise,src/utils/localizationManager.ts,379,Async function call without await,Medium,Add await or handle promise rejection
unhandled-promise,src/utils/localizationManager.ts,384,Async function call without await,Medium,Add await or handle promise rejection
unhandled-promise,src/utils/localizationManager.ts,390,Async function call without await,Medium,Add await or handle promise rejection
unhandled-promise,src/utils/localizationManager.ts,403,Async function call without await,Medium,Add await or handle promise rejection
unhandled-promise,src/utils/localizationManager.ts,408,Async function call without await,Medium,Add await or handle promise rejection
unhandled-promise,src/utils/localizationManager.ts,414,Async function call without await,Medium,Add await or handle promise rejection
unhandled-promise,src/utils/localizationManager.ts,429,Async function call without await,Medium,Add await or handle promise rejection
unhandled-promise,src/utils/localizationManager.ts,435,Async function call without await,Medium,Add await or handle promise rejection
unhandled-promise,src/utils/localizationManager.ts,449,Async function call without await,Medium,Add await or handle promise rejection
unhandled-promise,src/utils/localizationManager.ts,455,Async function call without await,Medium,Add await or handle promise rejection
unhandled-promise,src/utils/localizationManager.ts,469,Async function call without await,Medium,Add await or handle promise rejection
unhandled-promise,src/utils/localizationManager.ts,475,Async function call without await,Medium,Add await or handle promise rejection
unhandled-promise,src/utils/localizationManager.ts,488,Async function call without await,Medium,Add await or handle promise rejection
unhandled-promise,src/utils/localizationManager.ts,494,Async function call without await,Medium,Add await or handle promise rejection
unhandled-promise,src/utils/localizationManager.ts,508,Async function call without await,Medium,Add await or handle promise rejection
unhandled-promise,src/utils/localizationManager.ts,513,Async function call without await,Medium,Add await or handle promise rejection
unhandled-promise,src/utils/localizationManager.ts,519,Async function call without await,Medium,Add await or handle promise rejection
unhandled-promise,src/utils/localizationManager.ts,575,Async function call without await,Medium,Add await or handle promise rejection
unhandled-promise,src/utils/localizationManager.ts,607,Async function call without await,Medium,Add await or handle promise rejection
unhandled-promise,src/utils/machineLearningPipelineManager.ts,486,Async function call without await,Medium,Add await or handle promise rejection
unhandled-promise,src/utils/machineLearningPipelineManager.ts,502,Async function call without await,Medium,Add await or handle promise rejection
unhandled-promise,src/utils/machineLearningPipelineManager.ts,609,Async function call without await,Medium,Add await or handle promise rejection
unhandled-promise,src/utils/machineLearningPipelineManager.ts,644,Async function call without await,Medium,Add await or handle promise rejection
unhandled-promise,src/utils/machineLearningPipelineManager.ts,660,Async function call without await,Medium,Add await or handle promise rejection
unhandled-promise,src/utils/machineLearningPipelineManager.ts,706,Async function call without await,Medium,Add await or handle promise rejection
unhandled-promise,src/utils/machineLearningPipelineManager.ts,759,Async function call without await,Medium,Add await or handle promise rejection
unhandled-promise,src/utils/machineLearningPipelineManager.ts,832,Async function call without await,Medium,Add await or handle promise rejection
unhandled-promise,src/utils/machineLearningPipelineManager.ts,923,Async function call without await,Medium,Add await or handle promise rejection
unhandled-promise,src/utils/machineLearningPipelineManager.ts,1032,Async function call without await,Medium,Add await or handle promise rejection
unhandled-promise,src/utils/marketValidationManager.ts,190,Async function call without await,Medium,Add await or handle promise rejection
unhandled-promise,src/utils/marketValidationManager.ts,202,Async function call without await,Medium,Add await or handle promise rejection
unhandled-promise,src/utils/marketValidationManager.ts,218,Async function call without await,Medium,Add await or handle promise rejection
unhandled-promise,src/utils/marketValidationManager.ts,229,Async function call without await,Medium,Add await or handle promise rejection
unhandled-promise,src/utils/marketValidationManager.ts,234,Async function call without await,Medium,Add await or handle promise rejection
unhandled-promise,src/utils/marketValidationManager.ts,240,Async function call without await,Medium,Add await or handle promise rejection
unhandled-promise,src/utils/marketValidationManager.ts,258,Async function call without await,Medium,Add await or handle promise rejection
unhandled-promise,src/utils/marketValidationManager.ts,268,Async function call without await,Medium,Add await or handle promise rejection
unhandled-promise,src/utils/marketValidationManager.ts,282,Async function call without await,Medium,Add await or handle promise rejection
unhandled-promise,src/utils/marketValidationManager.ts,288,Async function call without await,Medium,Add await or handle promise rejection
unhandled-promise,src/utils/marketValidationManager.ts,302,Async function call without await,Medium,Add await or handle promise rejection
unhandled-promise,src/utils/marketValidationManager.ts,308,Async function call without await,Medium,Add await or handle promise rejection
unhandled-promise,src/utils/marketValidationManager.ts,351,Async function call without await,Medium,Add await or handle promise rejection
unhandled-promise,src/utils/marketValidationManager.ts,367,Async function call without await,Medium,Add await or handle promise rejection
unhandled-promise,src/utils/marketingLaunchPreparationManager.ts,93,Async function call without await,Medium,Add await or handle promise rejection
unhandled-promise,src/utils/marketingLaunchPreparationManager.ts,105,Async function call without await,Medium,Add await or handle promise rejection
unhandled-promise,src/utils/marketingLaunchPreparationManager.ts,120,Async function call without await,Medium,Add await or handle promise rejection
unhandled-promise,src/utils/marketingLaunchPreparationManager.ts,135,Async function call without await,Medium,Add await or handle promise rejection
unhandled-promise,src/utils/marketingLaunchPreparationManager.ts,140,Async function call without await,Medium,Add await or handle promise rejection
unhandled-promise,src/utils/marketingLaunchPreparationManager.ts,145,Async function call without await,Medium,Add await or handle promise rejection
unhandled-promise,src/utils/marketingLaunchPreparationManager.ts,151,Async function call without await,Medium,Add await or handle promise rejection
unhandled-promise,src/utils/marketingLaunchPreparationManager.ts,173,Async function call without await,Medium,Add await or handle promise rejection
unhandled-promise,src/utils/marketingLaunchPreparationManager.ts,184,Async function call without await,Medium,Add await or handle promise rejection
unhandled-promise,src/utils/marketingLaunchPreparationManager.ts,200,Async function call without await,Medium,Add await or handle promise rejection
unhandled-promise,src/utils/marketingLaunchPreparationManager.ts,217,Async function call without await,Medium,Add await or handle promise rejection
unhandled-promise,src/utils/marketingLaunchPreparationManager.ts,222,Async function call without await,Medium,Add await or handle promise rejection
unhandled-promise,src/utils/marketingLaunchPreparationManager.ts,228,Async function call without await,Medium,Add await or handle promise rejection
unhandled-promise,src/utils/marketingLaunchPreparationManager.ts,241,Async function call without await,Medium,Add await or handle promise rejection
unhandled-promise,src/utils/marketingLaunchPreparationManager.ts,252,Async function call without await,Medium,Add await or handle promise rejection
unhandled-promise,src/utils/marketingLaunchPreparationManager.ts,257,Async function call without await,Medium,Add await or handle promise rejection
unhandled-promise,src/utils/marketingLaunchPreparationManager.ts,262,Async function call without await,Medium,Add await or handle promise rejection
unhandled-promise,src/utils/marketingLaunchPreparationManager.ts,275,Async function call without await,Medium,Add await or handle promise rejection
unhandled-promise,src/utils/marketingLaunchPreparationManager.ts,289,Async function call without await,Medium,Add await or handle promise rejection
unhandled-promise,src/utils/marketingLaunchPreparationManager.ts,300,Async function call without await,Medium,Add await or handle promise rejection
unhandled-promise,src/utils/marketingLaunchPreparationManager.ts,305,Async function call without await,Medium,Add await or handle promise rejection
unhandled-promise,src/utils/marketingLaunchPreparationManager.ts,311,Async function call without await,Medium,Add await or handle promise rejection
unhandled-promise,src/utils/marketingLaunchPreparationManager.ts,339,Async function call without await,Medium,Add await or handle promise rejection
unhandled-promise,src/utils/marketingLaunchPreparationManager.ts,366,Async function call without await,Medium,Add await or handle promise rejection
unhandled-promise,src/utils/marketingLaunchPreparationManager.ts,375,Async function call without await,Medium,Add await or handle promise rejection
unhandled-promise,src/utils/marketingLaunchPreparationManager.ts,385,Async function call without await,Medium,Add await or handle promise rejection
unhandled-promise,src/utils/marketingLaunchPreparationManager.ts,397,Async function call without await,Medium,Add await or handle promise rejection
unhandled-promise,src/utils/marketingLaunchPreparationManager.ts,408,Async function call without await,Medium,Add await or handle promise rejection
unhandled-promise,src/utils/marketingLaunchPreparationManager.ts,419,Async function call without await,Medium,Add await or handle promise rejection
unhandled-promise,src/utils/marketingLaunchPreparationManager.ts,432,Async function call without await,Medium,Add await or handle promise rejection
unhandled-promise,src/utils/marketingLaunchPreparationManager.ts,450,Async function call without await,Medium,Add await or handle promise rejection
unhandled-promise,src/utils/marketingLaunchPreparationManager.ts,468,Async function call without await,Medium,Add await or handle promise rejection
unhandled-promise,src/utils/marketingLaunchPreparationManager.ts,488,Async function call without await,Medium,Add await or handle promise rejection
unhandled-promise,src/utils/marketingLaunchPreparationManager.ts,504,Async function call without await,Medium,Add await or handle promise rejection
unhandled-promise,src/utils/monitoringObservability.ts,376,Async function call without await,Medium,Add await or handle promise rejection
unhandled-promise,src/utils/monitoringObservability.ts,403,Async function call without await,Medium,Add await or handle promise rejection
unhandled-promise,src/utils/monitoringObservability.ts,431,Async function call without await,Medium,Add await or handle promise rejection
unhandled-promise,src/utils/monitoringObservability.ts,445,Async function call without await,Medium,Add await or handle promise rejection
unhandled-promise,src/utils/monitoringObservability.ts,469,Async function call without await,Medium,Add await or handle promise rejection
unhandled-promise,src/utils/notificationManager.ts,188,Async function call without await,Medium,Add await or handle promise rejection
unhandled-promise,src/utils/notificationManager.ts,237,Async function call without await,Medium,Add await or handle promise rejection
unhandled-promise,src/utils/notificationManager.ts,448,Async function call without await,Medium,Add await or handle promise rejection
unhandled-promise,src/utils/notificationManager.ts,507,Async function call without await,Medium,Add await or handle promise rejection
unhandled-promise,src/utils/notificationManager.ts,529,Async function call without await,Medium,Add await or handle promise rejection
unhandled-promise,src/utils/notificationManager.ts,583,Async function call without await,Medium,Add await or handle promise rejection
unhandled-promise,src/utils/notificationManager.ts,597,Async function call without await,Medium,Add await or handle promise rejection
unhandled-promise,src/utils/notificationManager.ts,610,Async function call without await,Medium,Add await or handle promise rejection
unhandled-promise,src/utils/notificationManager.ts,642,Async function call without await,Medium,Add await or handle promise rejection
unhandled-promise,src/utils/notificationManager.ts,655,Async function call without await,Medium,Add await or handle promise rejection
unhandled-promise,src/utils/notificationManager.ts,963,Async function call without await,Medium,Add await or handle promise rejection
unhandled-promise,src/utils/onlineStatus.ts,49,Async function call without await,Medium,Add await or handle promise rejection
unhandled-fetch,src/utils/onlineStatus.ts,52,Fetch call without error handling,Medium,Add try/catch or .catch() handler
unhandled-promise,src/utils/onlineStatus.ts,67,Async function call without await,Medium,Add await or handle promise rejection
unhandled-promise,src/utils/onlineStatus.ts,141,Async function call without await,Medium,Add await or handle promise rejection
unhandled-promise,src/utils/partnershipActivationManager.ts,176,Async function call without await,Medium,Add await or handle promise rejection
unhandled-promise,src/utils/partnershipActivationManager.ts,188,Async function call without await,Medium,Add await or handle promise rejection
unhandled-promise,src/utils/partnershipActivationManager.ts,204,Async function call without await,Medium,Add await or handle promise rejection
unhandled-promise,src/utils/partnershipActivationManager.ts,219,Async function call without await,Medium,Add await or handle promise rejection
unhandled-promise,src/utils/partnershipActivationManager.ts,233,Async function call without await,Medium,Add await or handle promise rejection
unhandled-promise,src/utils/partnershipActivationManager.ts,247,Async function call without await,Medium,Add await or handle promise rejection
unhandled-promise,src/utils/partnershipActivationManager.ts,252,Async function call without await,Medium,Add await or handle promise rejection
unhandled-promise,src/utils/partnershipActivationManager.ts,257,Async function call without await,Medium,Add await or handle promise rejection
unhandled-promise,src/utils/partnershipActivationManager.ts,263,Async function call without await,Medium,Add await or handle promise rejection
unhandled-promise,src/utils/partnershipActivationManager.ts,276,Async function call without await,Medium,Add await or handle promise rejection
unhandled-promise,src/utils/partnershipActivationManager.ts,293,Async function call without await,Medium,Add await or handle promise rejection
unhandled-promise,src/utils/partnershipActivationManager.ts,302,Async function call without await,Medium,Add await or handle promise rejection
unhandled-promise,src/utils/partnershipActivationManager.ts,308,Async function call without await,Medium,Add await or handle promise rejection
unhandled-promise,src/utils/partnershipActivationManager.ts,315,Async function call without await,Medium,Add await or handle promise rejection
unhandled-promise,src/utils/partnershipActivationManager.ts,329,Async function call without await,Medium,Add await or handle promise rejection
unhandled-promise,src/utils/partnershipActivationManager.ts,340,Async function call without await,Medium,Add await or handle promise rejection
unhandled-promise,src/utils/partnershipActivationManager.ts,362,Async function call without await,Medium,Add await or handle promise rejection
unhandled-promise,src/utils/partnershipActivationManager.ts,405,Async function call without await,Medium,Add await or handle promise rejection
unhandled-promise,src/utils/partnershipActivationManager.ts,411,Async function call without await,Medium,Add await or handle promise rejection
unhandled-promise,src/utils/partnershipActivationManager.ts,425,Async function call without await,Medium,Add await or handle promise rejection
unhandled-promise,src/utils/partnershipActivationManager.ts,436,Async function call without await,Medium,Add await or handle promise rejection
unhandled-promise,src/utils/partnershipActivationManager.ts,447,Async function call without await,Medium,Add await or handle promise rejection
unhandled-promise,src/utils/partnershipActivationManager.ts,452,Async function call without await,Medium,Add await or handle promise rejection
unhandled-promise,src/utils/partnershipActivationManager.ts,457,Async function call without await,Medium,Add await or handle promise rejection
unhandled-promise,src/utils/partnershipActivationManager.ts,463,Async function call without await,Medium,Add await or handle promise rejection
unhandled-promise,src/utils/partnershipActivationManager.ts,477,Async function call without await,Medium,Add await or handle promise rejection
unhandled-promise,src/utils/partnershipActivationManager.ts,488,Async function call without await,Medium,Add await or handle promise rejection
unhandled-promise,src/utils/partnershipActivationManager.ts,499,Async function call without await,Medium,Add await or handle promise rejection
unhandled-promise,src/utils/partnershipActivationManager.ts,504,Async function call without await,Medium,Add await or handle promise rejection
unhandled-promise,src/utils/partnershipActivationManager.ts,509,Async function call without await,Medium,Add await or handle promise rejection
unhandled-promise,src/utils/partnershipActivationManager.ts,515,Async function call without await,Medium,Add await or handle promise rejection
unhandled-promise,src/utils/partnershipActivationManager.ts,529,Async function call without await,Medium,Add await or handle promise rejection
unhandled-promise,src/utils/partnershipActivationManager.ts,540,Async function call without await,Medium,Add await or handle promise rejection
unhandled-promise,src/utils/partnershipActivationManager.ts,545,Async function call without await,Medium,Add await or handle promise rejection
unhandled-promise,src/utils/partnershipActivationManager.ts,550,Async function call without await,Medium,Add await or handle promise rejection
unhandled-promise,src/utils/partnershipActivationManager.ts,556,Async function call without await,Medium,Add await or handle promise rejection
unhandled-promise,src/utils/partnershipActivationManager.ts,570,Async function call without await,Medium,Add await or handle promise rejection
unhandled-promise,src/utils/partnershipActivationManager.ts,581,Async function call without await,Medium,Add await or handle promise rejection
unhandled-promise,src/utils/partnershipActivationManager.ts,598,Async function call without await,Medium,Add await or handle promise rejection
unhandled-promise,src/utils/partnershipActivationManager.ts,603,Async function call without await,Medium,Add await or handle promise rejection
unhandled-promise,src/utils/partnershipActivationManager.ts,608,Async function call without await,Medium,Add await or handle promise rejection
unhandled-promise,src/utils/partnershipActivationManager.ts,613,Async function call without await,Medium,Add await or handle promise rejection
unhandled-promise,src/utils/partnershipActivationManager.ts,619,Async function call without await,Medium,Add await or handle promise rejection
unhandled-promise,src/utils/partnershipActivationManager.ts,633,Async function call without await,Medium,Add await or handle promise rejection
unhandled-promise,src/utils/partnershipActivationManager.ts,644,Async function call without await,Medium,Add await or handle promise rejection
unhandled-promise,src/utils/partnershipActivationManager.ts,649,Async function call without await,Medium,Add await or handle promise rejection
unhandled-promise,src/utils/partnershipActivationManager.ts,654,Async function call without await,Medium,Add await or handle promise rejection
unhandled-promise,src/utils/partnershipActivationManager.ts,659,Async function call without await,Medium,Add await or handle promise rejection
unhandled-promise,src/utils/partnershipActivationManager.ts,665,Async function call without await,Medium,Add await or handle promise rejection
unhandled-promise,src/utils/partnershipActivationManager.ts,698,Async function call without await,Medium,Add await or handle promise rejection
unhandled-promise,src/utils/partnershipActivationManager.ts,707,Async function call without await,Medium,Add await or handle promise rejection
unhandled-promise,src/utils/partnershipActivationManager.ts,716,Async function call without await,Medium,Add await or handle promise rejection
unhandled-promise,src/utils/partnershipActivationManager.ts,746,Async function call without await,Medium,Add await or handle promise rejection
unhandled-promise,src/utils/partnershipActivationManager.ts,778,Async function call without await,Medium,Add await or handle promise rejection
unhandled-promise,src/utils/partnershipActivationManager.ts,801,Async function call without await,Medium,Add await or handle promise rejection
unhandled-promise,src/utils/partnershipActivationManager.ts,826,Async function call without await,Medium,Add await or handle promise rejection
unhandled-promise,src/utils/partnershipActivationManager.ts,850,Async function call without await,Medium,Add await or handle promise rejection
unhandled-promise,src/utils/partnershipActivationManager.ts,871,Async function call without await,Medium,Add await or handle promise rejection
unhandled-promise,src/utils/partnershipActivationManager.ts,897,Async function call without await,Medium,Add await or handle promise rejection
unhandled-promise,src/utils/partnershipActivationManager.ts,919,Async function call without await,Medium,Add await or handle promise rejection
unhandled-promise,src/utils/performanceOptimizer.ts,444,Async function call without await,Medium,Add await or handle promise rejection
unhandled-promise,src/utils/performanceOptimizer.ts,805,Async function call without await,Medium,Add await or handle promise rejection
unhandled-promise,src/utils/productionDeploymentLaunchManager.ts,157,Async function call without await,Medium,Add await or handle promise rejection
unhandled-promise,src/utils/productionDeploymentLaunchManager.ts,280,Async function call without await,Medium,Add await or handle promise rejection
unhandled-promise,src/utils/productionDeploymentLaunchManager.ts,302,Async function call without await,Medium,Add await or handle promise rejection
unhandled-promise,src/utils/productionDeploymentLaunchManager.ts,417,Async function call without await,Medium,Add await or handle promise rejection
unhandled-promise,src/utils/productionDeploymentLaunchManager.ts,437,Async function call without await,Medium,Add await or handle promise rejection
unhandled-promise,src/utils/productionDeploymentLaunchManager.ts,542,Async function call without await,Medium,Add await or handle promise rejection
unhandled-promise,src/utils/productionDeploymentLaunchManager.ts,557,Async function call without await,Medium,Add await or handle promise rejection
unhandled-promise,src/utils/productionDeploymentLaunchManager.ts,573,Async function call without await,Medium,Add await or handle promise rejection
unhandled-promise,src/utils/productionDeploymentLaunchManager.ts,675,Async function call without await,Medium,Add await or handle promise rejection
unhandled-promise,src/utils/progressiveWebAppManager.ts,178,Async function call without await,Medium,Add await or handle promise rejection
unhandled-promise,src/utils/progressiveWebAppManager.ts,192,Async function call without await,Medium,Add await or handle promise rejection
unhandled-promise,src/utils/progressiveWebAppManager.ts,221,Async function call without await,Medium,Add await or handle promise rejection
unhandled-promise,src/utils/progressiveWebAppManager.ts,281,Async function call without await,Medium,Add await or handle promise rejection
unhandled-promise,src/utils/progressiveWebAppManager.ts,302,Async function call without await,Medium,Add await or handle promise rejection
unhandled-promise,src/utils/progressiveWebAppManager.ts,326,Async function call without await,Medium,Add await or handle promise rejection
unhandled-promise,src/utils/progressiveWebAppManager.ts,353,Async function call without await,Medium,Add await or handle promise rejection
unhandled-promise,src/utils/progressiveWebAppManager.ts,368,Async function call without await,Medium,Add await or handle promise rejection
unhandled-promise,src/utils/progressiveWebAppManager.ts,409,Async function call without await,Medium,Add await or handle promise rejection
unhandled-promise,src/utils/progressiveWebAppManager.ts,414,Async function call without await,Medium,Add await or handle promise rejection
unhandled-promise,src/utils/progressiveWebAppManager.ts,419,Async function call without await,Medium,Add await or handle promise rejection
unhandled-promise,src/utils/progressiveWebAppManager.ts,446,Async function call without await,Medium,Add await or handle promise rejection
unhandled-promise,src/utils/progressiveWebAppManager.ts,478,Async function call without await,Medium,Add await or handle promise rejection
unhandled-promise,src/utils/progressiveWebAppManager.ts,500,Async function call without await,Medium,Add await or handle promise rejection
unhandled-promise,src/utils/progressiveWebAppManager.ts,519,Async function call without await,Medium,Add await or handle promise rejection
unhandled-promise,src/utils/progressiveWebAppManager.ts,561,Async function call without await,Medium,Add await or handle promise rejection
unhandled-promise,src/utils/progressiveWebAppManager.ts,584,Async function call without await,Medium,Add await or handle promise rejection
unhandled-promise,src/utils/progressiveWebAppManager.ts,597,Async function call without await,Medium,Add await or handle promise rejection
unhandled-promise,src/utils/progressiveWebAppManager.ts,612,Async function call without await,Medium,Add await or handle promise rejection
unhandled-promise,src/utils/reactNativeMobileManager.ts,241,Async function call without await,Medium,Add await or handle promise rejection
unhandled-promise,src/utils/reactNativeMobileManager.ts,271,Async function call without await,Medium,Add await or handle promise rejection
unhandled-promise,src/utils/reactNativeMobileManager.ts,284,Async function call without await,Medium,Add await or handle promise rejection
unhandled-promise,src/utils/reactNativeMobileManager.ts,322,Async function call without await,Medium,Add await or handle promise rejection
unhandled-promise,src/utils/reactNativeMobileManager.ts,371,Async function call without await,Medium,Add await or handle promise rejection
unhandled-promise,src/utils/reactNativeMobileManager.ts,581,Async function call without await,Medium,Add await or handle promise rejection
unhandled-promise,src/utils/reactNativeMobileManager.ts,588,Async function call without await,Medium,Add await or handle promise rejection
unhandled-promise,src/utils/reactNativeMobileManager.ts,602,Async function call without await,Medium,Add await or handle promise rejection
unhandled-promise,src/utils/revenueScalingManager.ts,276,Async function call without await,Medium,Add await or handle promise rejection
unhandled-promise,src/utils/revenueScalingManager.ts,288,Async function call without await,Medium,Add await or handle promise rejection
unhandled-promise,src/utils/revenueScalingManager.ts,302,Async function call without await,Medium,Add await or handle promise rejection
unhandled-promise,src/utils/revenueScalingManager.ts,313,Async function call without await,Medium,Add await or handle promise rejection
unhandled-promise,src/utils/revenueScalingManager.ts,318,Async function call without await,Medium,Add await or handle promise rejection
unhandled-promise,src/utils/revenueScalingManager.ts,323,Async function call without await,Medium,Add await or handle promise rejection
unhandled-promise,src/utils/revenueScalingManager.ts,329,Async function call without await,Medium,Add await or handle promise rejection
unhandled-promise,src/utils/revenueScalingManager.ts,343,Async function call without await,Medium,Add await or handle promise rejection
unhandled-promise,src/utils/revenueScalingManager.ts,354,Async function call without await,Medium,Add await or handle promise rejection
unhandled-promise,src/utils/revenueScalingManager.ts,365,Async function call without await,Medium,Add await or handle promise rejection
unhandled-promise,src/utils/revenueScalingManager.ts,370,Async function call without await,Medium,Add await or handle promise rejection
unhandled-promise,src/utils/revenueScalingManager.ts,375,Async function call without await,Medium,Add await or handle promise rejection
unhandled-promise,src/utils/revenueScalingManager.ts,381,Async function call without await,Medium,Add await or handle promise rejection
unhandled-promise,src/utils/revenueScalingManager.ts,395,Async function call without await,Medium,Add await or handle promise rejection
unhandled-promise,src/utils/revenueScalingManager.ts,406,Async function call without await,Medium,Add await or handle promise rejection
unhandled-promise,src/utils/revenueScalingManager.ts,422,Async function call without await,Medium,Add await or handle promise rejection
unhandled-promise,src/utils/revenueScalingManager.ts,427,Async function call without await,Medium,Add await or handle promise rejection
unhandled-promise,src/utils/revenueScalingManager.ts,433,Async function call without await,Medium,Add await or handle promise rejection
unhandled-promise,src/utils/revenueScalingManager.ts,447,Async function call without await,Medium,Add await or handle promise rejection
unhandled-promise,src/utils/revenueScalingManager.ts,458,Async function call without await,Medium,Add await or handle promise rejection
unhandled-promise,src/utils/revenueScalingManager.ts,463,Async function call without await,Medium,Add await or handle promise rejection
unhandled-promise,src/utils/revenueScalingManager.ts,468,Async function call without await,Medium,Add await or handle promise rejection
unhandled-promise,src/utils/revenueScalingManager.ts,480,Async function call without await,Medium,Add await or handle promise rejection
unhandled-promise,src/utils/revenueScalingManager.ts,494,Async function call without await,Medium,Add await or handle promise rejection
unhandled-promise,src/utils/revenueScalingManager.ts,505,Async function call without await,Medium,Add await or handle promise rejection
unhandled-promise,src/utils/revenueScalingManager.ts,531,Async function call without await,Medium,Add await or handle promise rejection
unhandled-promise,src/utils/revenueScalingManager.ts,547,Async function call without await,Medium,Add await or handle promise rejection
unhandled-promise,src/utils/revenueScalingManager.ts,552,Async function call without await,Medium,Add await or handle promise rejection
unhandled-promise,src/utils/revenueScalingManager.ts,559,Async function call without await,Medium,Add await or handle promise rejection
unhandled-promise,src/utils/revenueScalingManager.ts,565,Async function call without await,Medium,Add await or handle promise rejection
unhandled-promise,src/utils/revenueScalingManager.ts,579,Async function call without await,Medium,Add await or handle promise rejection
unhandled-promise,src/utils/revenueScalingManager.ts,590,Async function call without await,Medium,Add await or handle promise rejection
unhandled-promise,src/utils/revenueScalingManager.ts,604,Async function call without await,Medium,Add await or handle promise rejection
unhandled-promise,src/utils/revenueScalingManager.ts,609,Async function call without await,Medium,Add await or handle promise rejection
unhandled-promise,src/utils/revenueScalingManager.ts,614,Async function call without await,Medium,Add await or handle promise rejection
unhandled-promise,src/utils/revenueScalingManager.ts,620,Async function call without await,Medium,Add await or handle promise rejection
unhandled-promise,src/utils/revenueScalingManager.ts,634,Async function call without await,Medium,Add await or handle promise rejection
unhandled-promise,src/utils/revenueScalingManager.ts,645,Async function call without await,Medium,Add await or handle promise rejection
unhandled-promise,src/utils/revenueScalingManager.ts,661,Async function call without await,Medium,Add await or handle promise rejection
unhandled-promise,src/utils/revenueScalingManager.ts,666,Async function call without await,Medium,Add await or handle promise rejection
unhandled-promise,src/utils/revenueScalingManager.ts,672,Async function call without await,Medium,Add await or handle promise rejection
unhandled-promise,src/utils/revenueScalingManager.ts,686,Async function call without await,Medium,Add await or handle promise rejection
unhandled-promise,src/utils/revenueScalingManager.ts,697,Async function call without await,Medium,Add await or handle promise rejection
unhandled-promise,src/utils/revenueScalingManager.ts,713,Async function call without await,Medium,Add await or handle promise rejection
unhandled-promise,src/utils/revenueScalingManager.ts,718,Async function call without await,Medium,Add await or handle promise rejection
unhandled-promise,src/utils/revenueScalingManager.ts,724,Async function call without await,Medium,Add await or handle promise rejection
unhandled-promise,src/utils/revenueScalingManager.ts,738,Async function call without await,Medium,Add await or handle promise rejection
unhandled-promise,src/utils/revenueScalingManager.ts,749,Async function call without await,Medium,Add await or handle promise rejection
unhandled-promise,src/utils/revenueScalingManager.ts,765,Async function call without await,Medium,Add await or handle promise rejection
unhandled-promise,src/utils/revenueScalingManager.ts,770,Async function call without await,Medium,Add await or handle promise rejection
unhandled-promise,src/utils/revenueScalingManager.ts,776,Async function call without await,Medium,Add await or handle promise rejection
unhandled-promise,src/utils/revenueScalingManager.ts,790,Async function call without await,Medium,Add await or handle promise rejection
unhandled-promise,src/utils/revenueScalingManager.ts,801,Async function call without await,Medium,Add await or handle promise rejection
unhandled-promise,src/utils/revenueScalingManager.ts,818,Async function call without await,Medium,Add await or handle promise rejection
unhandled-promise,src/utils/revenueScalingManager.ts,823,Async function call without await,Medium,Add await or handle promise rejection
unhandled-promise,src/utils/revenueScalingManager.ts,828,Async function call without await,Medium,Add await or handle promise rejection
unhandled-promise,src/utils/revenueScalingManager.ts,834,Async function call without await,Medium,Add await or handle promise rejection
unhandled-promise,src/utils/revenueScalingManager.ts,887,Async function call without await,Medium,Add await or handle promise rejection
unhandled-promise,src/utils/revenueScalingManager.ts,922,Async function call without await,Medium,Add await or handle promise rejection
unhandled-promise,src/utils/revenueScalingManager.ts,950,Async function call without await,Medium,Add await or handle promise rejection
unhandled-promise,src/utils/revenueScalingManager.ts,982,Async function call without await,Medium,Add await or handle promise rejection
unhandled-promise,src/utils/revenueScalingManager.ts,1016,Async function call without await,Medium,Add await or handle promise rejection
unhandled-promise,src/utils/revenueScalingManager.ts,1046,Async function call without await,Medium,Add await or handle promise rejection
unhandled-promise,src/utils/revenueScalingManager.ts,1070,Async function call without await,Medium,Add await or handle promise rejection
unhandled-promise,src/utils/revenueScalingManager.ts,1102,Async function call without await,Medium,Add await or handle promise rejection
unhandled-promise,src/utils/revenueScalingManager.ts,1130,Async function call without await,Medium,Add await or handle promise rejection
unhandled-promise,src/utils/roleBasedAccessControlManager.ts,196,Async function call without await,Medium,Add await or handle promise rejection
unhandled-promise,src/utils/roleBasedAccessControlManager.ts,234,Async function call without await,Medium,Add await or handle promise rejection
unhandled-promise,src/utils/roleBasedAccessControlManager.ts,256,Async function call without await,Medium,Add await or handle promise rejection
unhandled-promise,src/utils/roleBasedAccessControlManager.ts,275,Async function call without await,Medium,Add await or handle promise rejection
unhandled-promise,src/utils/roleBasedAccessControlManager.ts,285,Async function call without await,Medium,Add await or handle promise rejection
unhandled-promise,src/utils/roleBasedAccessControlManager.ts,291,Async function call without await,Medium,Add await or handle promise rejection
unhandled-promise,src/utils/roleBasedAccessControlManager.ts,320,Async function call without await,Medium,Add await or handle promise rejection
unhandled-promise,src/utils/roleBasedAccessControlManager.ts,348,Async function call without await,Medium,Add await or handle promise rejection
unhandled-promise,src/utils/roleBasedAccessControlManager.ts,364,Async function call without await,Medium,Add await or handle promise rejection
unhandled-promise,src/utils/roleBasedAccessControlManager.ts,370,Async function call without await,Medium,Add await or handle promise rejection
unhandled-promise,src/utils/roleBasedAccessControlManager.ts,398,Async function call without await,Medium,Add await or handle promise rejection
unhandled-promise,src/utils/roleBasedAccessControlManager.ts,419,Async function call without await,Medium,Add await or handle promise rejection
unhandled-promise,src/utils/roleBasedAccessControlManager.ts,447,Async function call without await,Medium,Add await or handle promise rejection
unhandled-promise,src/utils/roleBasedAccessControlManager.ts,467,Async function call without await,Medium,Add await or handle promise rejection
unhandled-promise,src/utils/roleBasedAccessControlManager.ts,483,Async function call without await,Medium,Add await or handle promise rejection
unhandled-promise,src/utils/roleBasedAccessControlManager.ts,489,Async function call without await,Medium,Add await or handle promise rejection
unhandled-promise,src/utils/roleBasedAccessControlManager.ts,535,Async function call without await,Medium,Add await or handle promise rejection
unhandled-promise,src/utils/roleBasedAccessControlManager.ts,555,Async function call without await,Medium,Add await or handle promise rejection
unhandled-promise,src/utils/roleBasedAccessControlManager.ts,569,Async function call without await,Medium,Add await or handle promise rejection
unhandled-promise,src/utils/roleBasedAccessControlManager.ts,584,Async function call without await,Medium,Add await or handle promise rejection
unhandled-promise,src/utils/roleBasedAccessControlManager.ts,597,Async function call without await,Medium,Add await or handle promise rejection
unhandled-promise,src/utils/roleBasedAccessControlManager.ts,603,Async function call without await,Medium,Add await or handle promise rejection
unhandled-promise,src/utils/roleBasedAccessControlManager.ts,664,Async function call without await,Medium,Add await or handle promise rejection
unhandled-promise,src/utils/roleBasedAccessControlManager.ts,700,Async function call without await,Medium,Add await or handle promise rejection
unhandled-promise,src/utils/roleBasedAccessControlManager.ts,782,Async function call without await,Medium,Add await or handle promise rejection
unhandled-promise,src/utils/roleBasedAccessControlManager.ts,864,Async function call without await,Medium,Add await or handle promise rejection
unhandled-promise,src/utils/roleBasedAccessControlManager.ts,875,Async function call without await,Medium,Add await or handle promise rejection
unhandled-promise,src/utils/roleBasedAccessControlManager.ts,892,Async function call without await,Medium,Add await or handle promise rejection
unhandled-promise,src/utils/roleBasedAccessControlManager.ts,950,Async function call without await,Medium,Add await or handle promise rejection
unhandled-promise,src/utils/roleBasedAccessControlManager.ts,1017,Async function call without await,Medium,Add await or handle promise rejection
unhandled-promise,src/utils/roleBasedAccessControlManager.ts,1043,Async function call without await,Medium,Add await or handle promise rejection
unhandled-promise,src/utils/roleBasedAccessControlManager.ts,1063,Async function call without await,Medium,Add await or handle promise rejection
unhandled-promise,src/utils/security.js,111,Async function call without await,Medium,Add await or handle promise rejection
unhandled-promise,src/utils/security.js,246,Async function call without await,Medium,Add await or handle promise rejection
unhandled-fetch,src/utils/security.js,265,Fetch call without error handling,Medium,Add try/catch or .catch() handler
unhandled-promise,src/utils/securityAuditLoggingManager.ts,238,Async function call without await,Medium,Add await or handle promise rejection
unhandled-promise,src/utils/securityAuditLoggingManager.ts,292,Async function call without await,Medium,Add await or handle promise rejection
unhandled-promise,src/utils/securityAuditLoggingManager.ts,323,Async function call without await,Medium,Add await or handle promise rejection
unhandled-promise,src/utils/securityAuditLoggingManager.ts,372,Async function call without await,Medium,Add await or handle promise rejection
unhandled-promise,src/utils/securityAuditLoggingManager.ts,384,Async function call without await,Medium,Add await or handle promise rejection
unhandled-promise,src/utils/securityAuditLoggingManager.ts,390,Async function call without await,Medium,Add await or handle promise rejection
unhandled-promise,src/utils/securityAuditLoggingManager.ts,406,Async function call without await,Medium,Add await or handle promise rejection
unhandled-promise,src/utils/securityAuditLoggingManager.ts,425,Async function call without await,Medium,Add await or handle promise rejection
unhandled-promise,src/utils/securityAuditLoggingManager.ts,436,Async function call without await,Medium,Add await or handle promise rejection
unhandled-promise,src/utils/securityAuditLoggingManager.ts,451,Async function call without await,Medium,Add await or handle promise rejection
unhandled-promise,src/utils/securityAuditLoggingManager.ts,468,Async function call without await,Medium,Add await or handle promise rejection
unhandled-promise,src/utils/securityAuditLoggingManager.ts,485,Async function call without await,Medium,Add await or handle promise rejection
unhandled-promise,src/utils/securityAuditLoggingManager.ts,506,Async function call without await,Medium,Add await or handle promise rejection
unhandled-promise,src/utils/securityAuditLoggingManager.ts,512,Async function call without await,Medium,Add await or handle promise rejection
unhandled-promise,src/utils/securityAuditLoggingManager.ts,518,Async function call without await,Medium,Add await or handle promise rejection
unhandled-promise,src/utils/securityAuditLoggingManager.ts,546,Async function call without await,Medium,Add await or handle promise rejection
unhandled-promise,src/utils/securityAuditLoggingManager.ts,636,Async function call without await,Medium,Add await or handle promise rejection
unhandled-promise,src/utils/securityAuditLoggingManager.ts,692,Async function call without await,Medium,Add await or handle promise rejection
unhandled-promise,src/utils/securityAuditLoggingManager.ts,823,Async function call without await,Medium,Add await or handle promise rejection
unhandled-promise,src/utils/securityAuditLoggingManager.ts,855,Async function call without await,Medium,Add await or handle promise rejection
unhandled-promise,src/utils/securityAuditLoggingManager.ts,863,Async function call without await,Medium,Add await or handle promise rejection
unhandled-promise,src/utils/securityAuditLoggingManager.ts,882,Async function call without await,Medium,Add await or handle promise rejection
unhandled-promise,src/utils/securityAuditLoggingManager.ts,928,Async function call without await,Medium,Add await or handle promise rejection
unhandled-promise,src/utils/securityAuditLoggingManager.ts,950,Async function call without await,Medium,Add await or handle promise rejection
unhandled-promise,src/utils/systemInitializer.ts,192,Async function call without await,Medium,Add await or handle promise rejection
unhandled-promise,src/utils/systemInitializer.ts,205,Async function call without await,Medium,Add await or handle promise rejection
unhandled-promise,src/utils/systemInitializer.ts,238,Async function call without await,Medium,Add await or handle promise rejection
unhandled-promise,src/utils/systemInitializer.ts,282,Async function call without await,Medium,Add await or handle promise rejection
unhandled-promise,src/utils/systemInitializer.ts,536,Async function call without await,Medium,Add await or handle promise rejection
unhandled-promise,src/utils/systemInitializer.ts,624,Async function call without await,Medium,Add await or handle promise rejection
unhandled-promise,src/utils/systemInitializer.ts,646,Async function call without await,Medium,Add await or handle promise rejection
unhandled-promise,src/utils/systemInitializer.ts,662,Async function call without await,Medium,Add await or handle promise rejection
unhandled-promise,src/utils/systemInitializer.ts,867,Async function call without await,Medium,Add await or handle promise rejection
unhandled-promise,src/utils/systemInitializer.ts,1021,Async function call without await,Medium,Add await or handle promise rejection
unhandled-promise,src/utils/systemInitializer.ts,1035,Async function call without await,Medium,Add await or handle promise rejection
unhandled-promise,src/utils/systemInitializer.ts,1053,Async function call without await,Medium,Add await or handle promise rejection
unhandled-promise,src/utils/systemInitializer.ts,1110,Async function call without await,Medium,Add await or handle promise rejection
unhandled-promise,src/utils/testingValidationManager.ts,225,Async function call without await,Medium,Add await or handle promise rejection
unhandled-promise,src/utils/testingValidationManager.ts,265,Async function call without await,Medium,Add await or handle promise rejection
unhandled-promise,src/utils/testingValidationManager.ts,293,Async function call without await,Medium,Add await or handle promise rejection
unhandled-promise,src/utils/testingValidationManager.ts,308,Async function call without await,Medium,Add await or handle promise rejection
unhandled-promise,src/utils/testingValidationManager.ts,327,Async function call without await,Medium,Add await or handle promise rejection
unhandled-promise,src/utils/testingValidationManager.ts,333,Async function call without await,Medium,Add await or handle promise rejection
unhandled-promise,src/utils/testingValidationManager.ts,353,Async function call without await,Medium,Add await or handle promise rejection
unhandled-promise,src/utils/testingValidationManager.ts,369,Async function call without await,Medium,Add await or handle promise rejection
unhandled-promise,src/utils/testingValidationManager.ts,375,Async function call without await,Medium,Add await or handle promise rejection
unhandled-promise,src/utils/testingValidationManager.ts,407,Async function call without await,Medium,Add await or handle promise rejection
unhandled-promise,src/utils/testingValidationManager.ts,439,Async function call without await,Medium,Add await or handle promise rejection
unhandled-promise,src/utils/testingValidationManager.ts,444,Async function call without await,Medium,Add await or handle promise rejection
unhandled-promise,src/utils/testingValidationManager.ts,462,Async function call without await,Medium,Add await or handle promise rejection
unhandled-promise,src/utils/testingValidationManager.ts,559,Async function call without await,Medium,Add await or handle promise rejection
unhandled-promise,src/utils/testingValidationManager.ts,597,Async function call without await,Medium,Add await or handle promise rejection
unhandled-promise,src/utils/testingValidationManager.ts,602,Async function call without await,Medium,Add await or handle promise rejection
unhandled-promise,src/utils/testingValidationManager.ts,608,Async function call without await,Medium,Add await or handle promise rejection
unhandled-promise,src/utils/testingValidationManager.ts,621,Async function call without await,Medium,Add await or handle promise rejection
unhandled-promise,src/utils/testingValidationManager.ts,636,Async function call without await,Medium,Add await or handle promise rejection
unhandled-promise,src/utils/testingValidationManager.ts,647,Async function call without await,Medium,Add await or handle promise rejection
unhandled-promise,src/utils/testingValidationManager.ts,653,Async function call without await,Medium,Add await or handle promise rejection
unhandled-promise,src/utils/testingValidationManager.ts,706,Async function call without await,Medium,Add await or handle promise rejection
unhandled-promise,src/utils/testingValidationManager.ts,721,Async function call without await,Medium,Add await or handle promise rejection
unhandled-promise,src/utils/testingValidationManager.ts,798,Async function call without await,Medium,Add await or handle promise rejection
unhandled-promise,src/utils/testingValidationManager.ts,809,Async function call without await,Medium,Add await or handle promise rejection
unhandled-promise,src/utils/testingValidationManager.ts,816,Async function call without await,Medium,Add await or handle promise rejection
unhandled-promise,src/utils/testingValidationManager.ts,875,Async function call without await,Medium,Add await or handle promise rejection
unhandled-promise,src/utils/testingValidationManager.ts,914,Async function call without await,Medium,Add await or handle promise rejection
unhandled-promise,src/utils/testingValidationManager.ts,936,Async function call without await,Medium,Add await or handle promise rejection
unhandled-promise,src/utils/ultimatePlatformCompletionManager.ts,132,Async function call without await,Medium,Add await or handle promise rejection
unhandled-promise,src/utils/ultimatePlatformCompletionManager.ts,244,Async function call without await,Medium,Add await or handle promise rejection
unhandled-promise,src/utils/ultimatePlatformCompletionManager.ts,290,Async function call without await,Medium,Add await or handle promise rejection
unhandled-promise,src/utils/ultimatePlatformCompletionManager.ts,435,Async function call without await,Medium,Add await or handle promise rejection
unhandled-promise,src/utils/ultimatePlatformCompletionManager.ts,471,Async function call without await,Medium,Add await or handle promise rejection
unhandled-promise,src/utils/ultimatePlatformCompletionManager.ts,491,Async function call without await,Medium,Add await or handle promise rejection
unhandled-promise,src/utils/ultimatePlatformCompletionManager.ts,572,Async function call without await,Medium,Add await or handle promise rejection
unhandled-promise,src/utils/ultimatePlatformCompletionManager.ts,660,Async function call without await,Medium,Add await or handle promise rejection
unhandled-promise,src/utils/undoRedoSystem.ts,49,Async function call without await,Medium,Add await or handle promise rejection
unhandled-promise,src/utils/undoRedoSystem.ts,63,Async function call without await,Medium,Add await or handle promise rejection
unhandled-promise,src/utils/userTestingProgram.ts,91,Async function call without await,Medium,Add await or handle promise rejection
unhandled-promise,src/utils/userTestingProgram.ts,149,Async function call without await,Medium,Add await or handle promise rejection
unhandled-promise,src/utils/userTestingProgram.ts,203,Async function call without await,Medium,Add await or handle promise rejection
unhandled-promise,src/utils/userTestingProgram.ts,244,Async function call without await,Medium,Add await or handle promise rejection
unhandled-promise,src/utils/userTestingProgram.ts,258,Async function call without await,Medium,Add await or handle promise rejection
unhandled-promise,src/utils/web3Manager.ts,136,Async function call without await,Medium,Add await or handle promise rejection
unhandled-promise,src/utils/web3Manager.ts,148,Async function call without await,Medium,Add await or handle promise rejection
unhandled-promise,src/utils/web3Manager.ts,179,Async function call without await,Medium,Add await or handle promise rejection
unhandled-promise,src/utils/web3Manager.ts,192,Async function call without await,Medium,Add await or handle promise rejection
unhandled-promise,src/utils/web3Manager.ts,216,Async function call without await,Medium,Add await or handle promise rejection
unhandled-promise,src/utils/web3Manager.ts,236,Async function call without await,Medium,Add await or handle promise rejection
unhandled-promise,src/utils/web3Manager.ts,277,Async function call without await,Medium,Add await or handle promise rejection
unhandled-promise,src/utils/web3Manager.ts,312,Async function call without await,Medium,Add await or handle promise rejection
unhandled-promise,src/utils/web3Manager.ts,333,Async function call without await,Medium,Add await or handle promise rejection
unhandled-promise,src/utils/web3Manager.ts,357,Async function call without await,Medium,Add await or handle promise rejection
unhandled-promise,src/utils/web3Manager.ts,410,Async function call without await,Medium,Add await or handle promise rejection
unhandled-promise,src/utils/web3Manager.ts,430,Async function call without await,Medium,Add await or handle promise rejection
unhandled-promise,src/utils/whiteLabelSolutionsManager.ts,295,Async function call without await,Medium,Add await or handle promise rejection
unhandled-promise,src/utils/whiteLabelSolutionsManager.ts,332,Async function call without await,Medium,Add await or handle promise rejection
unhandled-promise,src/utils/whiteLabelSolutionsManager.ts,372,Async function call without await,Medium,Add await or handle promise rejection
unhandled-promise,src/utils/whiteLabelSolutionsManager.ts,392,Async function call without await,Medium,Add await or handle promise rejection
unhandled-promise,src/utils/whiteLabelSolutionsManager.ts,402,Async function call without await,Medium,Add await or handle promise rejection
unhandled-promise,src/utils/whiteLabelSolutionsManager.ts,407,Async function call without await,Medium,Add await or handle promise rejection
unhandled-promise,src/utils/whiteLabelSolutionsManager.ts,430,Async function call without await,Medium,Add await or handle promise rejection
unhandled-promise,src/utils/whiteLabelSolutionsManager.ts,473,Async function call without await,Medium,Add await or handle promise rejection
unhandled-promise,src/utils/whiteLabelSolutionsManager.ts,486,Async function call without await,Medium,Add await or handle promise rejection
unhandled-promise,src/utils/whiteLabelSolutionsManager.ts,496,Async function call without await,Medium,Add await or handle promise rejection
unhandled-promise,src/utils/whiteLabelSolutionsManager.ts,502,Async function call without await,Medium,Add await or handle promise rejection
unhandled-promise,src/utils/whiteLabelSolutionsManager.ts,539,Async function call without await,Medium,Add await or handle promise rejection
unhandled-promise,src/utils/whiteLabelSolutionsManager.ts,562,Async function call without await,Medium,Add await or handle promise rejection
unhandled-promise,src/utils/whiteLabelSolutionsManager.ts,572,Async function call without await,Medium,Add await or handle promise rejection
unhandled-promise,src/utils/whiteLabelSolutionsManager.ts,578,Async function call without await,Medium,Add await or handle promise rejection
unhandled-promise,src/utils/whiteLabelSolutionsManager.ts,599,Async function call without await,Medium,Add await or handle promise rejection
unhandled-promise,src/utils/whiteLabelSolutionsManager.ts,620,Async function call without await,Medium,Add await or handle promise rejection
unhandled-promise,src/utils/whiteLabelSolutionsManager.ts,630,Async function call without await,Medium,Add await or handle promise rejection
unhandled-promise,src/utils/whiteLabelSolutionsManager.ts,636,Async function call without await,Medium,Add await or handle promise rejection
unhandled-promise,src/utils/whiteLabelSolutionsManager.ts,666,Async function call without await,Medium,Add await or handle promise rejection
unhandled-promise,src/utils/whiteLabelSolutionsManager.ts,715,Async function call without await,Medium,Add await or handle promise rejection
unhandled-promise,src/utils/whiteLabelSolutionsManager.ts,721,Async function call without await,Medium,Add await or handle promise rejection
unhandled-promise,src/utils/whiteLabelSolutionsManager.ts,772,Async function call without await,Medium,Add await or handle promise rejection
unhandled-promise,src/utils/whiteLabelSolutionsManager.ts,794,Async function call without await,Medium,Add await or handle promise rejection
unhandled-promise,src/utils/whiteLabelSolutionsManager.ts,800,Async function call without await,Medium,Add await or handle promise rejection
unhandled-promise,src/utils/whiteLabelSolutionsManager.ts,846,Async function call without await,Medium,Add await or handle promise rejection
unhandled-promise,src/utils/whiteLabelSolutionsManager.ts,869,Async function call without await,Medium,Add await or handle promise rejection
unhandled-promise,src/utils/whiteLabelSolutionsManager.ts,924,Async function call without await,Medium,Add await or handle promise rejection
unhandled-promise,src/utils/whiteLabelSolutionsManager.ts,946,Async function call without await,Medium,Add await or handle promise rejection
missing-error-boundary,src/components/AnalyticsProvider.tsx,1,Component without error boundary,Medium,Wrap component with ErrorBoundary
missing-error-boundary,src/lib/analytics.ts,1,Component without error boundary,Medium,Wrap component with ErrorBoundary
missing-error-boundary,src/utils/accessibilityComplianceManager.ts,1,Component without error boundary,Medium,Wrap component with ErrorBoundary
missing-error-boundary,src/utils/advancedAIFeaturesManager.ts,1,Component without error boundary,Medium,Wrap component with ErrorBoundary
missing-error-boundary,src/utils/advancedAnalyticsBIManager.ts,1,Component without error boundary,Medium,Wrap component with ErrorBoundary
missing-error-boundary,src/utils/advancedDataManagementManager.ts,1,Component without error boundary,Medium,Wrap component with ErrorBoundary
missing-error-boundary,src/utils/advancedSearchManager.ts,1,Component without error boundary,Medium,Wrap component with ErrorBoundary
missing-error-boundary,src/utils/advancedTaskBreakdownManager.ts,1,Component without error boundary,Medium,Wrap component with ErrorBoundary
missing-error-boundary,src/utils/advancedUIAnimationsManager.ts,1,Component without error boundary,Medium,Wrap component with ErrorBoundary
missing-error-boundary,src/utils/advancedWorkflowAutomationManager.ts,1,Component without error boundary,Medium,Wrap component with ErrorBoundary
missing-error-boundary,src/utils/apiIntegrationFramework.ts,1,Component without error boundary,Medium,Wrap component with ErrorBoundary
missing-error-boundary,src/utils/apiMarketplaceExtensionsManager.ts,1,Component without error boundary,Medium,Wrap component with ErrorBoundary
missing-error-boundary,src/utils/codeQualityRefactoringManager.ts,1,Component without error boundary,Medium,Wrap component with ErrorBoundary
missing-error-boundary,src/utils/dataPersistence.ts,1,Component without error boundary,Medium,Wrap component with ErrorBoundary
missing-error-boundary,src/utils/dataPersistenceLayer.ts,1,Component without error boundary,Medium,Wrap component with ErrorBoundary
missing-error-boundary,src/utils/desktopApplicationManager.ts,1,Component without error boundary,Medium,Wrap component with ErrorBoundary
missing-error-boundary,src/utils/documentationHelpManager.ts,1,Component without error boundary,Medium,Wrap component with ErrorBoundary
missing-error-boundary,src/utils/enterpriseComplianceGovernanceManager.ts,1,Component without error boundary,Medium,Wrap component with ErrorBoundary
missing-error-boundary,src/utils/enterpriseSystemIntegrationsManager.ts,1,Component without error boundary,Medium,Wrap component with ErrorBoundary
missing-error-boundary,src/utils/globalStateManager.ts,1,Component without error boundary,Medium,Wrap component with ErrorBoundary
missing-error-boundary,src/utils/internationalizationManager.ts,1,Component without error boundary,Medium,Wrap component with ErrorBoundary
missing-error-boundary,src/utils/machineLearningPipelineManager.ts,1,Component without error boundary,Medium,Wrap component with ErrorBoundary
missing-error-boundary,src/utils/monitoringObservability.ts,1,Component without error boundary,Medium,Wrap component with ErrorBoundary
missing-error-boundary,src/utils/multiTenantArchitectureManager.ts,1,Component without error boundary,Medium,Wrap component with ErrorBoundary
missing-error-boundary,src/utils/notificationManager.ts,1,Component without error boundary,Medium,Wrap component with ErrorBoundary
missing-error-boundary,src/utils/performanceOptimizer.ts,1,Component without error boundary,Medium,Wrap component with ErrorBoundary
missing-error-boundary,src/utils/progressiveWebAppManager.ts,1,Component without error boundary,Medium,Wrap component with ErrorBoundary
missing-error-boundary,src/utils/reactNativeMobileManager.ts,1,Component without error boundary,Medium,Wrap component with ErrorBoundary
missing-error-boundary,src/utils/roleBasedAccessControlManager.ts,1,Component without error boundary,Medium,Wrap component with ErrorBoundary
missing-error-boundary,src/utils/securityHardening.ts,1,Component without error boundary,Medium,Wrap component with ErrorBoundary
missing-error-boundary,src/utils/supportSystemManager.ts,1,Component without error boundary,Medium,Wrap component with ErrorBoundary
missing-error-boundary,src/utils/systemInitializer.ts,1,Component without error boundary,Medium,Wrap component with ErrorBoundary
missing-error-boundary,src/utils/testingValidationManager.ts,1,Component without error boundary,Medium,Wrap component with ErrorBoundary
missing-error-boundary,src/utils/userOnboardingManager.ts,1,Component without error boundary,Medium,Wrap component with ErrorBoundary
missing-error-boundary,src/utils/userTestingFeedbackManager.ts,1,Component without error boundary,Medium,Wrap component with ErrorBoundary